{
  "type": "FeatureCollection",
  "features": [
    {
      "type": "Feature",
      "geometry": {
        "type": "Point",
        "coordinates": [
          127.21055178017873,
          34.61035593902425
        ]
      },
      "properties": {
        "timestamp": "1970-01-01 00:21:11.552623+00:00",
        "altitude": 8.363652229309082,
        "lte_rsrp": null,
        "lte_rssi": null,
        "lte_sinr": null,
        "starlink_latency": null,
        "starlink_snr": null,
        "quality": "unknown"
      }
    },
    {
      "type": "Feature",
      "geometry": {
        "type": "Point",
        "coordinates": [
          127.21055178011915,
          34.610355939188274
        ]
      },
      "properties": {
        "timestamp": "1970-01-01 00:21:11.562666+00:00",
        "altitude": 8.363846778869629,
        "lte_rsrp": null,
        "lte_rssi": null,
        "lte_sinr": null,
        "starlink_latency": null,
        "starlink_snr": null,
        "quality": "unknown"
      }
    },
    {
      "type": "Feature",
      "geometry": {
        "type": "Point",
        "coordinates": [
          127.21055178581406,
          34.61035593821804
        ]
      },
      "properties": {
        "timestamp": "1970-01-01 00:21:11.752802+00:00",
        "altitude": 8.369118690490723,
        "lte_rsrp": null,
        "lte_rssi": null,
        "lte_sinr": null,
        "starlink_latency": null,
        "starlink_snr": null,
        "quality": "unknown"
      }
    },
    {
      "type": "Feature",
      "geometry": {
        "type": "Point",
        "coordinates": [
          127.21055179952187,
          34.610355933974766
        ]
      },
      "properties": {
        "timestamp": "1970-01-01 00:21:11.953000+00:00",
        "altitude": 8.374167442321777,
        "lte_rsrp": null,
        "lte_rssi": null,
        "lte_sinr": null,
        "starlink_latency": null,
        "starlink_snr": null,
        "quality": "unknown"
      }
    },
    {
      "type": "Feature",
      "geometry": {
        "type": "Point",
        "coordinates": [
          127.21055181597748,
          34.61035593543172
        ]
      },
      "properties": {
        "timestamp": "1970-01-01 00:21:12.153175+00:00",
        "altitude": 8.378783226013184,
        "lte_rsrp": null,
        "lte_rssi": null,
        "lte_sinr": null,
        "starlink_latency": null,
        "starlink_snr": null,
        "quality": "unknown"
      }
    },
    {
      "type": "Feature",
      "geometry": {
        "type": "Point",
        "coordinates": [
          127.21055183612592,
          34.610355941634744
        ]
      },
      "properties": {
        "timestamp": "1970-01-01 00:21:12.353238+00:00",
        "altitude": 8.382614135742188,
        "lte_rsrp": null,
        "lte_rssi": null,
        "lte_sinr": null,
        "starlink_latency": null,
        "starlink_snr": null,
        "quality": "unknown"
      }
    },
    {
      "type": "Feature",
      "geometry": {
        "type": "Point",
        "coordinates": [
          127.21055186095815,
          34.610355951507486
        ]
      },
      "properties": {
        "timestamp": "1970-01-01 00:21:12.553485+00:00",
        "altitude": 8.38686752319336,
        "lte_rsrp": null,
        "lte_rssi": null,
        "lte_sinr": null,
        "starlink_latency": null,
        "starlink_snr": null,
        "quality": "unknown"
      }
    },
    {
      "type": "Feature",
      "geometry": {
        "type": "Point",
        "coordinates": [
          127.21055187799799,
          34.61035595954162
        ]
      },
      "properties": {
        "timestamp": "1970-01-01 00:21:12.753643+00:00",
        "altitude": 8.391667366027832,
        "lte_rsrp": null,
        "lte_rssi": null,
        "lte_sinr": null,
        "starlink_latency": null,
        "starlink_snr": null,
        "quality": "unknown"
      }
    },
    {
      "type": "Feature",
      "geometry": {
        "type": "Point",
        "coordinates": [
          127.21055188591316,
          34.610355960693035
        ]
      },
      "properties": {
        "timestamp": "1970-01-01 00:21:12.953845+00:00",
        "altitude": 8.396296501159668,
        "lte_rsrp": null,
        "lte_rssi": null,
        "lte_sinr": null,
        "starlink_latency": null,
        "starlink_snr": null,
        "quality": "unknown"
      }
    },
    {
      "type": "Feature",
      "geometry": {
        "type": "Point",
        "coordinates": [
          127.21055187944906,
          34.61035594858608
        ]
      },
      "properties": {
        "timestamp": "1970-01-01 00:21:13.154004+00:00",
        "altitude": 8.401491165161133,
        "lte_rsrp": null,
        "lte_rssi": null,
        "lte_sinr": null,
        "starlink_latency": null,
        "starlink_snr": null,
        "quality": "unknown"
      }
    },
    {
      "type": "Feature",
      "geometry": {
        "type": "Point",
        "coordinates": [
          127.21055184534336,
          34.610355917921524
        ]
      },
      "properties": {
        "timestamp": "1970-01-01 00:21:13.354194+00:00",
        "altitude": 8.407445907592773,
        "lte_rsrp": null,
        "lte_rssi": null,
        "lte_sinr": null,
        "starlink_latency": null,
        "starlink_snr": null,
        "quality": "unknown"
      }
    },
    {
      "type": "Feature",
      "geometry": {
        "type": "Point",
        "coordinates": [
          127.21055177026211,
          34.61035585821338
        ]
      },
      "properties": {
        "timestamp": "1970-01-01 00:21:13.554419+00:00",
        "altitude": 8.414907455444336,
        "lte_rsrp": null,
        "lte_rssi": null,
        "lte_sinr": null,
        "starlink_latency": null,
        "starlink_snr": null,
        "quality": "unknown"
      }
    },
    {
      "type": "Feature",
      "geometry": {
        "type": "Point",
        "coordinates": [
          127.21055168024962,
          34.61035578606273
        ]
      },
      "properties": {
        "timestamp": "1970-01-01 00:21:13.754578+00:00",
        "altitude": 8.422233581542969,
        "lte_rsrp": null,
        "lte_rssi": null,
        "lte_sinr": null,
        "starlink_latency": null,
        "starlink_snr": null,
        "quality": "unknown"
      }
    },
    {
      "type": "Feature",
      "geometry": {
        "type": "Point",
        "coordinates": [
          127.21055158479003,
          34.61035570732527
        ]
      },
      "properties": {
        "timestamp": "1970-01-01 00:21:13.954825+00:00",
        "altitude": 8.431562423706055,
        "lte_rsrp": null,
        "lte_rssi": null,
        "lte_sinr": null,
        "starlink_latency": null,
        "starlink_snr": null,
        "quality": "unknown"
      }
    },
    {
      "type": "Feature",
      "geometry": {
        "type": "Point",
        "coordinates": [
          127.2105514995831,
          34.610355640915586
        ]
      },
      "properties": {
        "timestamp": "1970-01-01 00:21:14.147416+00:00",
        "altitude": 8.442364692687988,
        "lte_rsrp": null,
        "lte_rssi": null,
        "lte_sinr": null,
        "starlink_latency": null,
        "starlink_snr": null,
        "quality": "unknown"
      }
    },
    {
      "type": "Feature",
      "geometry": {
        "type": "Point",
        "coordinates": [
          127.21055137053949,
          34.61035555667408
        ]
      },
      "properties": {
        "timestamp": "1970-01-01 00:21:14.347605+00:00",
        "altitude": 8.45163345336914,
        "lte_rsrp": null,
        "lte_rssi": null,
        "lte_sinr": null,
        "starlink_latency": null,
        "starlink_snr": null,
        "quality": "unknown"
      }
    },
    {
      "type": "Feature",
      "geometry": {
        "type": "Point",
        "coordinates": [
          127.21055120630807,
          34.61035546937608
        ]
      },
      "properties": {
        "timestamp": "1970-01-01 00:21:14.547776+00:00",
        "altitude": 8.468731880187988,
        "lte_rsrp": null,
        "lte_rssi": null,
        "lte_sinr": null,
        "starlink_latency": null,
        "starlink_snr": null,
        "quality": "unknown"
      }
    },
    {
      "type": "Feature",
      "geometry": {
        "type": "Point",
        "coordinates": [
          127.21055103475969,
          34.61035541989768
        ]
      },
      "properties": {
        "timestamp": "1970-01-01 00:21:14.755506+00:00",
        "altitude": 8.500475883483887,
        "lte_rsrp": null,
        "lte_rssi": null,
        "lte_sinr": null,
        "starlink_latency": null,
        "starlink_snr": null,
        "quality": "unknown"
      }
    },
    {
      "type": "Feature",
      "geometry": {
        "type": "Point",
        "coordinates": [
          127.2105509073547,
          34.61035550748298
        ]
      },
      "properties": {
        "timestamp": "1970-01-01 00:21:14.955624+00:00",
        "altitude": 8.543266296386719,
        "lte_rsrp": null,
        "lte_rssi": null,
        "lte_sinr": null,
        "starlink_latency": null,
        "starlink_snr": null,
        "quality": "unknown"
      }
    },
    {
      "type": "Feature",
      "geometry": {
        "type": "Point",
        "coordinates": [
          127.21055083808332,
          34.61035574342629
        ]
      },
      "properties": {
        "timestamp": "1970-01-01 00:21:15.155791+00:00",
        "altitude": 8.610396385192871,
        "lte_rsrp": null,
        "lte_rssi": null,
        "lte_sinr": null,
        "starlink_latency": null,
        "starlink_snr": null,
        "quality": "unknown"
      }
    },
    {
      "type": "Feature",
      "geometry": {
        "type": "Point",
        "coordinates": [
          127.21055079836117,
          34.610356101600075
        ]
      },
      "properties": {
        "timestamp": "1970-01-01 00:21:15.355965+00:00",
        "altitude": 8.697163581848145,
        "lte_rsrp": null,
        "lte_rssi": null,
        "lte_sinr": null,
        "starlink_latency": null,
        "starlink_snr": null,
        "quality": "unknown"
      }
    },
    {
      "type": "Feature",
      "geometry": {
        "type": "Point",
        "coordinates": [
          127.21055072788944,
          34.610356536015544
        ]
      },
      "properties": {
        "timestamp": "1970-01-01 00:21:15.556141+00:00",
        "altitude": 8.802226066589355,
        "lte_rsrp": null,
        "lte_rssi": null,
        "lte_sinr": null,
        "starlink_latency": null,
        "starlink_snr": null,
        "quality": "unknown"
      }
    },
    {
      "type": "Feature",
      "geometry": {
        "type": "Point",
        "coordinates": [
          127.2105506319003,
          34.61035696545551
        ]
      },
      "properties": {
        "timestamp": "1970-01-01 00:21:15.746301+00:00",
        "altitude": 8.916996002197266,
        "lte_rsrp": null,
        "lte_rssi": null,
        "lte_sinr": null,
        "starlink_latency": null,
        "starlink_snr": null,
        "quality": "unknown"
      }
    },
    {
      "type": "Feature",
      "geometry": {
        "type": "Point",
        "coordinates": [
          127.21055046975819,
          34.61035734421849
        ]
      },
      "properties": {
        "timestamp": "1970-01-01 00:21:15.946461+00:00",
        "altitude": 9.048318862915039,
        "lte_rsrp": null,
        "lte_rssi": null,
        "lte_sinr": null,
        "starlink_latency": null,
        "starlink_snr": null,
        "quality": "unknown"
      }
    },
    {
      "type": "Feature",
      "geometry": {
        "type": "Point",
        "coordinates": [
          127.21055025343391,
          34.61035760184987
        ]
      },
      "properties": {
        "timestamp": "1970-01-01 00:21:16.156644+00:00",
        "altitude": 9.184556007385254,
        "lte_rsrp": null,
        "lte_rssi": null,
        "lte_sinr": null,
        "starlink_latency": null,
        "starlink_snr": null,
        "quality": "unknown"
      }
    },
    {
      "type": "Feature",
      "geometry": {
        "type": "Point",
        "coordinates": [
          127.21055002921727,
          34.610357723698684
        ]
      },
      "properties": {
        "timestamp": "1970-01-01 00:21:16.356846+00:00",
        "altitude": 9.320854187011719,
        "lte_rsrp": null,
        "lte_rssi": null,
        "lte_sinr": null,
        "starlink_latency": null,
        "starlink_snr": null,
        "quality": "unknown"
      }
    },
    {
      "type": "Feature",
      "geometry": {
        "type": "Point",
        "coordinates": [
          127.21054982383802,
          34.610357745257026
        ]
      },
      "properties": {
        "timestamp": "1970-01-01 00:21:16.556999+00:00",
        "altitude": 9.46166706085205,
        "lte_rsrp": null,
        "lte_rssi": null,
        "lte_sinr": null,
        "starlink_latency": null,
        "starlink_snr": null,
        "quality": "unknown"
      }
    },
    {
      "type": "Feature",
      "geometry": {
        "type": "Point",
        "coordinates": [
          127.21054966913795,
          34.610357708811826
        ]
      },
      "properties": {
        "timestamp": "1970-01-01 00:21:16.757198+00:00",
        "altitude": 9.604923248291016,
        "lte_rsrp": null,
        "lte_rssi": null,
        "lte_sinr": null,
        "starlink_latency": null,
        "starlink_snr": null,
        "quality": "unknown"
      }
    },
    {
      "type": "Feature",
      "geometry": {
        "type": "Point",
        "coordinates": [
          127.21054955985723,
          34.61035762802133
        ]
      },
      "properties": {
        "timestamp": "1970-01-01 00:21:16.947350+00:00",
        "altitude": 9.748870849609375,
        "lte_rsrp": null,
        "lte_rssi": null,
        "lte_sinr": null,
        "starlink_latency": null,
        "starlink_snr": null,
        "quality": "unknown"
      }
    },
    {
      "type": "Feature",
      "geometry": {
        "type": "Point",
        "coordinates": [
          127.21054949014656,
          34.61035755209162
        ]
      },
      "properties": {
        "timestamp": "1970-01-01 00:21:17.147565+00:00",
        "altitude": 9.906563758850098,
        "lte_rsrp": null,
        "lte_rssi": null,
        "lte_sinr": null,
        "starlink_latency": null,
        "starlink_snr": null,
        "quality": "unknown"
      }
    },
    {
      "type": "Feature",
      "geometry": {
        "type": "Point",
        "coordinates": [
          127.21054946540843,
          34.61035750764661
        ]
      },
      "properties": {
        "timestamp": "1970-01-01 00:21:17.347739+00:00",
        "altitude": 10.06977653503418,
        "lte_rsrp": null,
        "lte_rssi": null,
        "lte_sinr": null,
        "starlink_latency": null,
        "starlink_snr": null,
        "quality": "unknown"
      }
    },
    {
      "type": "Feature",
      "geometry": {
        "type": "Point",
        "coordinates": [
          127.21054950199947,
          34.61035747713536
        ]
      },
      "properties": {
        "timestamp": "1970-01-01 00:21:17.557894+00:00",
        "altitude": 10.243942260742188,
        "lte_rsrp": null,
        "lte_rssi": null,
        "lte_sinr": null,
        "starlink_latency": null,
        "starlink_snr": null,
        "quality": "unknown"
      }
    },
    {
      "type": "Feature",
      "geometry": {
        "type": "Point",
        "coordinates": [
          127.21054965236323,
          34.61035748919621
        ]
      },
      "properties": {
        "timestamp": "1970-01-01 00:21:17.758075+00:00",
        "altitude": 10.409280776977539,
        "lte_rsrp": null,
        "lte_rssi": null,
        "lte_sinr": null,
        "starlink_latency": null,
        "starlink_snr": null,
        "quality": "unknown"
      }
    },
    {
      "type": "Feature",
      "geometry": {
        "type": "Point",
        "coordinates": [
          127.21054986987413,
          34.610357465432614
        ]
      },
      "properties": {
        "timestamp": "1970-01-01 00:21:17.948229+00:00",
        "altitude": 10.56928825378418,
        "lte_rsrp": null,
        "lte_rssi": null,
        "lte_sinr": null,
        "starlink_latency": null,
        "starlink_snr": null,
        "quality": "unknown"
      }
    },
    {
      "type": "Feature",
      "geometry": {
        "type": "Point",
        "coordinates": [
          127.21055015500053,
          34.610357362777165
        ]
      },
      "properties": {
        "timestamp": "1970-01-01 00:21:18.148409+00:00",
        "altitude": 10.740468978881836,
        "lte_rsrp": null,
        "lte_rssi": null,
        "lte_sinr": null,
        "starlink_latency": null,
        "starlink_snr": null,
        "quality": "unknown"
      }
    },
    {
      "type": "Feature",
      "geometry": {
        "type": "Point",
        "coordinates": [
          127.21055049902643,
          34.61035724848113
        ]
      },
      "properties": {
        "timestamp": "1970-01-01 00:21:18.348578+00:00",
        "altitude": 10.914857864379883,
        "lte_rsrp": null,
        "lte_rssi": null,
        "lte_sinr": null,
        "starlink_latency": null,
        "starlink_snr": null,
        "quality": "unknown"
      }
    },
    {
      "type": "Feature",
      "geometry": {
        "type": "Point",
        "coordinates": [
          127.21055088950622,
          34.610357223332414
        ]
      },
      "properties": {
        "timestamp": "1970-01-01 00:21:18.548757+00:00",
        "altitude": 11.092272758483887,
        "lte_rsrp": null,
        "lte_rssi": null,
        "lte_sinr": null,
        "starlink_latency": null,
        "starlink_snr": null,
        "quality": "unknown"
      }
    },
    {
      "type": "Feature",
      "geometry": {
        "type": "Point",
        "coordinates": [
          127.21055124280717,
          34.610357164656705
        ]
      },
      "properties": {
        "timestamp": "1970-01-01 00:21:18.748943+00:00",
        "altitude": 11.274177551269531,
        "lte_rsrp": null,
        "lte_rssi": null,
        "lte_sinr": null,
        "starlink_latency": null,
        "starlink_snr": null,
        "quality": "unknown"
      }
    },
    {
      "type": "Feature",
      "geometry": {
        "type": "Point",
        "coordinates": [
          127.21055158084734,
          34.610357042440164
        ]
      },
      "properties": {
        "timestamp": "1970-01-01 00:21:18.949267+00:00",
        "altitude": 11.457233428955078,
        "lte_rsrp": null,
        "lte_rssi": null,
        "lte_sinr": null,
        "starlink_latency": null,
        "starlink_snr": null,
        "quality": "unknown"
      }
    },
    {
      "type": "Feature",
      "geometry": {
        "type": "Point",
        "coordinates": [
          127.21055192918645,
          34.6103568939085
        ]
      },
      "properties": {
        "timestamp": "1970-01-01 00:21:19.149413+00:00",
        "altitude": 11.637308120727539,
        "lte_rsrp": null,
        "lte_rssi": null,
        "lte_sinr": null,
        "starlink_latency": null,
        "starlink_snr": null,
        "quality": "unknown"
      }
    },
    {
      "type": "Feature",
      "geometry": {
        "type": "Point",
        "coordinates": [
          127.21055223260801,
          34.61035675318796
        ]
      },
      "properties": {
        "timestamp": "1970-01-01 00:21:19.349538+00:00",
        "altitude": 11.813516616821289,
        "lte_rsrp": null,
        "lte_rssi": null,
        "lte_sinr": null,
        "starlink_latency": null,
        "starlink_snr": null,
        "quality": "unknown"
      }
    },
    {
      "type": "Feature",
      "geometry": {
        "type": "Point",
        "coordinates": [
          127.21055244146422,
          34.61035661305276
        ]
      },
      "properties": {
        "timestamp": "1970-01-01 00:21:19.549708+00:00",
        "altitude": 11.992671966552734,
        "lte_rsrp": null,
        "lte_rssi": null,
        "lte_sinr": null,
        "starlink_latency": null,
        "starlink_snr": null,
        "quality": "unknown"
      }
    },
    {
      "type": "Feature",
      "geometry": {
        "type": "Point",
        "coordinates": [
          127.21055258243597,
          34.61035644856539
        ]
      },
      "properties": {
        "timestamp": "1970-01-01 00:21:19.749902+00:00",
        "altitude": 12.169668197631836,
        "lte_rsrp": null,
        "lte_rssi": null,
        "lte_sinr": null,
        "starlink_latency": null,
        "starlink_snr": null,
        "quality": "unknown"
      }
    },
    {
      "type": "Feature",
      "geometry": {
        "type": "Point",
        "coordinates": [
          127.21055270193973,
          34.61035620279544
        ]
      },
      "properties": {
        "timestamp": "1970-01-01 00:21:19.950019+00:00",
        "altitude": 12.349220275878906,
        "lte_rsrp": null,
        "lte_rssi": null,
        "lte_sinr": null,
        "starlink_latency": null,
        "starlink_snr": null,
        "quality": "unknown"
      }
    },
    {
      "type": "Feature",
      "geometry": {
        "type": "Point",
        "coordinates": [
          127.21055281464727,
          34.61035582577457
        ]
      },
      "properties": {
        "timestamp": "1970-01-01 00:21:20.150169+00:00",
        "altitude": 12.532712936401367,
        "lte_rsrp": null,
        "lte_rssi": null,
        "lte_sinr": null,
        "starlink_latency": null,
        "starlink_snr": null,
        "quality": "unknown"
      }
    },
    {
      "type": "Feature",
      "geometry": {
        "type": "Point",
        "coordinates": [
          127.2105529007087,
          34.61035542627015
        ]
      },
      "properties": {
        "timestamp": "1970-01-01 00:21:20.350350+00:00",
        "altitude": 12.718966484069824,
        "lte_rsrp": null,
        "lte_rssi": null,
        "lte_sinr": null,
        "starlink_latency": null,
        "starlink_snr": null,
        "quality": "unknown"
      }
    },
    {
      "type": "Feature",
      "geometry": {
        "type": "Point",
        "coordinates": [
          127.2105529755301,
          34.61035503334184
        ]
      },
      "properties": {
        "timestamp": "1970-01-01 00:21:20.550520+00:00",
        "altitude": 12.897439956665039,
        "lte_rsrp": null,
        "lte_rssi": null,
        "lte_sinr": null,
        "starlink_latency": null,
        "starlink_snr": null,
        "quality": "unknown"
      }
    },
    {
      "type": "Feature",
      "geometry": {
        "type": "Point",
        "coordinates": [
          127.21055304774272,
          34.6103547099869
        ]
      },
      "properties": {
        "timestamp": "1970-01-01 00:21:20.750710+00:00",
        "altitude": 13.07382583618164,
        "lte_rsrp": null,
        "lte_rssi": null,
        "lte_sinr": null,
        "starlink_latency": null,
        "starlink_snr": null,
        "quality": "unknown"
      }
    },
    {
      "type": "Feature",
      "geometry": {
        "type": "Point",
        "coordinates": [
          127.21055311878514,
          34.610354527888546
        ]
      },
      "properties": {
        "timestamp": "1970-01-01 00:21:20.950874+00:00",
        "altitude": 13.238075256347656,
        "lte_rsrp": null,
        "lte_rssi": null,
        "lte_sinr": null,
        "starlink_latency": null,
        "starlink_snr": null,
        "quality": "unknown"
      }
    },
    {
      "type": "Feature",
      "geometry": {
        "type": "Point",
        "coordinates": [
          127.21055317051373,
          34.610354570155096
        ]
      },
      "properties": {
        "timestamp": "1970-01-01 00:21:21.151060+00:00",
        "altitude": 13.389745712280273,
        "lte_rsrp": null,
        "lte_rssi": null,
        "lte_sinr": null,
        "starlink_latency": null,
        "starlink_snr": null,
        "quality": "unknown"
      }
    },
    {
      "type": "Feature",
      "geometry": {
        "type": "Point",
        "coordinates": [
          127.21055319178109,
          34.61035477037474
        ]
      },
      "properties": {
        "timestamp": "1970-01-01 00:21:21.351230+00:00",
        "altitude": 13.549156188964844,
        "lte_rsrp": null,
        "lte_rssi": null,
        "lte_sinr": null,
        "starlink_latency": null,
        "starlink_snr": null,
        "quality": "unknown"
      }
    },
    {
      "type": "Feature",
      "geometry": {
        "type": "Point",
        "coordinates": [
          127.21055314595061,
          34.61035503192348
        ]
      },
      "properties": {
        "timestamp": "1970-01-01 00:21:21.551403+00:00",
        "altitude": 13.706796646118164,
        "lte_rsrp": null,
        "lte_rssi": null,
        "lte_sinr": null,
        "starlink_latency": null,
        "starlink_snr": null,
        "quality": "unknown"
      }
    },
    {
      "type": "Feature",
      "geometry": {
        "type": "Point",
        "coordinates": [
          127.21055299594428,
          34.61035524867237
        ]
      },
      "properties": {
        "timestamp": "1970-01-01 00:21:21.751588+00:00",
        "altitude": 13.85197639465332,
        "lte_rsrp": null,
        "lte_rssi": null,
        "lte_sinr": null,
        "starlink_latency": null,
        "starlink_snr": null,
        "quality": "unknown"
      }
    },
    {
      "type": "Feature",
      "geometry": {
        "type": "Point",
        "coordinates": [
          127.21055272758383,
          34.61035541958361
        ]
      },
      "properties": {
        "timestamp": "1970-01-01 00:21:21.951754+00:00",
        "altitude": 13.999387741088867,
        "lte_rsrp": null,
        "lte_rssi": null,
        "lte_sinr": null,
        "starlink_latency": null,
        "starlink_snr": null,
        "quality": "unknown"
      }
    },
    {
      "type": "Feature",
      "geometry": {
        "type": "Point",
        "coordinates": [
          127.21055239026663,
          34.610355645958656
        ]
      },
      "properties": {
        "timestamp": "1970-01-01 00:21:22.151965+00:00",
        "altitude": 14.129924774169922,
        "lte_rsrp": null,
        "lte_rssi": null,
        "lte_sinr": null,
        "starlink_latency": null,
        "starlink_snr": null,
        "quality": "unknown"
      }
    },
    {
      "type": "Feature",
      "geometry": {
        "type": "Point",
        "coordinates": [
          127.21055210245365,
          34.61035577289553
        ]
      },
      "properties": {
        "timestamp": "1970-01-01 00:21:22.352155+00:00",
        "altitude": 14.271036148071289,
        "lte_rsrp": null,
        "lte_rssi": null,
        "lte_sinr": null,
        "starlink_latency": null,
        "starlink_snr": null,
        "quality": "unknown"
      }
    },
    {
      "type": "Feature",
      "geometry": {
        "type": "Point",
        "coordinates": [
          127.21055181480678,
          34.610355770865006
        ]
      },
      "properties": {
        "timestamp": "1970-01-01 00:21:22.552285+00:00",
        "altitude": 14.418474197387695,
        "lte_rsrp": null,
        "lte_rssi": null,
        "lte_sinr": null,
        "starlink_latency": null,
        "starlink_snr": null,
        "quality": "unknown"
      }
    },
    {
      "type": "Feature",
      "geometry": {
        "type": "Point",
        "coordinates": [
          127.21055152366766,
          34.61035572896188
        ]
      },
      "properties": {
        "timestamp": "1970-01-01 00:21:22.752477+00:00",
        "altitude": 14.564338684082031,
        "lte_rsrp": null,
        "lte_rssi": null,
        "lte_sinr": null,
        "starlink_latency": null,
        "starlink_snr": null,
        "quality": "unknown"
      }
    },
    {
      "type": "Feature",
      "geometry": {
        "type": "Point",
        "coordinates": [
          127.21055128629877,
          34.610355801501676
        ]
      },
      "properties": {
        "timestamp": "1970-01-01 00:21:22.952649+00:00",
        "altitude": 14.719881057739258,
        "lte_rsrp": null,
        "lte_rssi": null,
        "lte_sinr": null,
        "starlink_latency": null,
        "starlink_snr": null,
        "quality": "unknown"
      }
    },
    {
      "type": "Feature",
      "geometry": {
        "type": "Point",
        "coordinates": [
          127.21055111471942,
          34.61035606912587
        ]
      },
      "properties": {
        "timestamp": "1970-01-01 00:21:23.152813+00:00",
        "altitude": 14.874458312988281,
        "lte_rsrp": null,
        "lte_rssi": null,
        "lte_sinr": null,
        "starlink_latency": null,
        "starlink_snr": null,
        "quality": "unknown"
      }
    },
    {
      "type": "Feature",
      "geometry": {
        "type": "Point",
        "coordinates": [
          127.21055110344614,
          34.61035625855078
        ]
      },
      "properties": {
        "timestamp": "1970-01-01 00:21:23.353017+00:00",
        "altitude": 15.041690826416016,
        "lte_rsrp": null,
        "lte_rssi": null,
        "lte_sinr": null,
        "starlink_latency": null,
        "starlink_snr": null,
        "quality": "unknown"
      }
    },
    {
      "type": "Feature",
      "geometry": {
        "type": "Point",
        "coordinates": [
          127.21055112840212,
          34.610356298175745
        ]
      },
      "properties": {
        "timestamp": "1970-01-01 00:21:23.543272+00:00",
        "altitude": 15.206829071044922,
        "lte_rsrp": null,
        "lte_rssi": null,
        "lte_sinr": null,
        "starlink_latency": null,
        "starlink_snr": null,
        "quality": "unknown"
      }
    },
    {
      "type": "Feature",
      "geometry": {
        "type": "Point",
        "coordinates": [
          127.21055113557256,
          34.610356246082546
        ]
      },
      "properties": {
        "timestamp": "1970-01-01 00:21:23.748400+00:00",
        "altitude": 15.391464233398438,
        "lte_rsrp": null,
        "lte_rssi": null,
        "lte_sinr": null,
        "starlink_latency": null,
        "starlink_snr": null,
        "quality": "unknown"
      }
    },
    {
      "type": "Feature",
      "geometry": {
        "type": "Point",
        "coordinates": [
          127.21055117708804,
          34.61035622800094
        ]
      },
      "properties": {
        "timestamp": "1970-01-01 00:21:23.948591+00:00",
        "altitude": 15.582931518554688,
        "lte_rsrp": null,
        "lte_rssi": null,
        "lte_sinr": null,
        "starlink_latency": null,
        "starlink_snr": null,
        "quality": "unknown"
      }
    },
    {
      "type": "Feature",
      "geometry": {
        "type": "Point",
        "coordinates": [
          127.21055126218097,
          34.61035623308258
        ]
      },
      "properties": {
        "timestamp": "1970-01-01 00:21:24.148771+00:00",
        "altitude": 15.76815414428711,
        "lte_rsrp": null,
        "lte_rssi": null,
        "lte_sinr": null,
        "starlink_latency": null,
        "starlink_snr": null,
        "quality": "unknown"
      }
    },
    {
      "type": "Feature",
      "geometry": {
        "type": "Point",
        "coordinates": [
          127.21055133763801,
          34.61035624861587
        ]
      },
      "properties": {
        "timestamp": "1970-01-01 00:21:24.348952+00:00",
        "altitude": 15.953744888305664,
        "lte_rsrp": null,
        "lte_rssi": null,
        "lte_sinr": null,
        "starlink_latency": null,
        "starlink_snr": null,
        "quality": "unknown"
      }
    },
    {
      "type": "Feature",
      "geometry": {
        "type": "Point",
        "coordinates": [
          127.21055137903105,
          34.610356361382074
        ]
      },
      "properties": {
        "timestamp": "1970-01-01 00:21:24.549152+00:00",
        "altitude": 16.12765884399414,
        "lte_rsrp": null,
        "lte_rssi": null,
        "lte_sinr": null,
        "starlink_latency": null,
        "starlink_snr": null,
        "quality": "unknown"
      }
    },
    {
      "type": "Feature",
      "geometry": {
        "type": "Point",
        "coordinates": [
          127.21055139703705,
          34.61035653162006
        ]
      },
      "properties": {
        "timestamp": "1970-01-01 00:21:24.749249+00:00",
        "altitude": 16.294069290161133,
        "lte_rsrp": null,
        "lte_rssi": null,
        "lte_sinr": null,
        "starlink_latency": null,
        "starlink_snr": null,
        "quality": "unknown"
      }
    },
    {
      "type": "Feature",
      "geometry": {
        "type": "Point",
        "coordinates": [
          127.21055140538598,
          34.61035665966226
        ]
      },
      "properties": {
        "timestamp": "1970-01-01 00:21:24.949451+00:00",
        "altitude": 16.46647071838379,
        "lte_rsrp": null,
        "lte_rssi": null,
        "lte_sinr": null,
        "starlink_latency": null,
        "starlink_snr": null,
        "quality": "unknown"
      }
    },
    {
      "type": "Feature",
      "geometry": {
        "type": "Point",
        "coordinates": [
          127.21055140278536,
          34.61035675287595
        ]
      },
      "properties": {
        "timestamp": "1970-01-01 00:21:25.149616+00:00",
        "altitude": 16.6512393951416,
        "lte_rsrp": null,
        "lte_rssi": null,
        "lte_sinr": null,
        "starlink_latency": null,
        "starlink_snr": null,
        "quality": "unknown"
      }
    },
    {
      "type": "Feature",
      "geometry": {
        "type": "Point",
        "coordinates": [
          127.21055142084933,
          34.61035681142089
        ]
      },
      "properties": {
        "timestamp": "1970-01-01 00:21:25.349735+00:00",
        "altitude": 16.835725784301758,
        "lte_rsrp": null,
        "lte_rssi": null,
        "lte_sinr": null,
        "starlink_latency": null,
        "starlink_snr": null,
        "quality": "unknown"
      }
    },
    {
      "type": "Feature",
      "geometry": {
        "type": "Point",
        "coordinates": [
          127.21055145452647,
          34.610356869216446
        ]
      },
      "properties": {
        "timestamp": "1970-01-01 00:21:25.549925+00:00",
        "altitude": 17.018726348876953,
        "lte_rsrp": null,
        "lte_rssi": null,
        "lte_sinr": null,
        "starlink_latency": null,
        "starlink_snr": null,
        "quality": "unknown"
      }
    },
    {
      "type": "Feature",
      "geometry": {
        "type": "Point",
        "coordinates": [
          127.21055150988066,
          34.61035695780093
        ]
      },
      "properties": {
        "timestamp": "1970-01-01 00:21:25.750096+00:00",
        "altitude": 17.20672035217285,
        "lte_rsrp": null,
        "lte_rssi": null,
        "lte_sinr": null,
        "starlink_latency": null,
        "starlink_snr": null,
        "quality": "unknown"
      }
    },
    {
      "type": "Feature",
      "geometry": {
        "type": "Point",
        "coordinates": [
          127.21055156656672,
          34.61035708865946
        ]
      },
      "properties": {
        "timestamp": "1970-01-01 00:21:25.950258+00:00",
        "altitude": 17.400802612304688,
        "lte_rsrp": null,
        "lte_rssi": null,
        "lte_sinr": null,
        "starlink_latency": null,
        "starlink_snr": null,
        "quality": "unknown"
      }
    },
    {
      "type": "Feature",
      "geometry": {
        "type": "Point",
        "coordinates": [
          127.21055165667431,
          34.61035723516922
        ]
      },
      "properties": {
        "timestamp": "1970-01-01 00:21:26.150432+00:00",
        "altitude": 17.591535568237305,
        "lte_rsrp": null,
        "lte_rssi": null,
        "lte_sinr": null,
        "starlink_latency": null,
        "starlink_snr": null,
        "quality": "unknown"
      }
    },
    {
      "type": "Feature",
      "geometry": {
        "type": "Point",
        "coordinates": [
          127.21055173677674,
          34.610357247915125
        ]
      },
      "properties": {
        "timestamp": "1970-01-01 00:21:26.350623+00:00",
        "altitude": 17.77960777282715,
        "lte_rsrp": null,
        "lte_rssi": null,
        "lte_sinr": null,
        "starlink_latency": null,
        "starlink_snr": null,
        "quality": "unknown"
      }
    },
    {
      "type": "Feature",
      "geometry": {
        "type": "Point",
        "coordinates": [
          127.21055175688677,
          34.61035703268215
        ]
      },
      "properties": {
        "timestamp": "1970-01-01 00:21:26.550804+00:00",
        "altitude": 17.97088623046875,
        "lte_rsrp": null,
        "lte_rssi": null,
        "lte_sinr": null,
        "starlink_latency": null,
        "starlink_snr": null,
        "quality": "unknown"
      }
    },
    {
      "type": "Feature",
      "geometry": {
        "type": "Point",
        "coordinates": [
          127.2105517531529,
          34.61035671436489
        ]
      },
      "properties": {
        "timestamp": "1970-01-01 00:21:26.750965+00:00",
        "altitude": 18.15900421142578,
        "lte_rsrp": null,
        "lte_rssi": null,
        "lte_sinr": null,
        "starlink_latency": null,
        "starlink_snr": null,
        "quality": "unknown"
      }
    },
    {
      "type": "Feature",
      "geometry": {
        "type": "Point",
        "coordinates": [
          127.21055172813928,
          34.61035635530771
        ]
      },
      "properties": {
        "timestamp": "1970-01-01 00:21:26.951145+00:00",
        "altitude": 18.338838577270508,
        "lte_rsrp": null,
        "lte_rssi": null,
        "lte_sinr": null,
        "starlink_latency": null,
        "starlink_snr": null,
        "quality": "unknown"
      }
    },
    {
      "type": "Feature",
      "geometry": {
        "type": "Point",
        "coordinates": [
          127.21055167642977,
          34.61035595338897
        ]
      },
      "properties": {
        "timestamp": "1970-01-01 00:21:27.151334+00:00",
        "altitude": 18.52167510986328,
        "lte_rsrp": null,
        "lte_rssi": null,
        "lte_sinr": null,
        "starlink_latency": null,
        "starlink_snr": null,
        "quality": "unknown"
      }
    },
    {
      "type": "Feature",
      "geometry": {
        "type": "Point",
        "coordinates": [
          127.21055159492028,
          34.61035549119389
        ]
      },
      "properties": {
        "timestamp": "1970-01-01 00:21:27.351530+00:00",
        "altitude": 18.73089599609375,
        "lte_rsrp": null,
        "lte_rssi": null,
        "lte_sinr": null,
        "starlink_latency": null,
        "starlink_snr": null,
        "quality": "unknown"
      }
    },
    {
      "type": "Feature",
      "geometry": {
        "type": "Point",
        "coordinates": [
          127.21055148558095,
          34.61035500904322
        ]
      },
      "properties": {
        "timestamp": "1970-01-01 00:21:27.551704+00:00",
        "altitude": 18.999544143676758,
        "lte_rsrp": null,
        "lte_rssi": null,
        "lte_sinr": null,
        "starlink_latency": null,
        "starlink_snr": null,
        "quality": "unknown"
      }
    },
    {
      "type": "Feature",
      "geometry": {
        "type": "Point",
        "coordinates": [
          127.21055128983633,
          34.61035460270217
        ]
      },
      "properties": {
        "timestamp": "1970-01-01 00:21:27.751852+00:00",
        "altitude": 19.353544235229492,
        "lte_rsrp": null,
        "lte_rssi": null,
        "lte_sinr": null,
        "starlink_latency": null,
        "starlink_snr": null,
        "quality": "unknown"
      }
    },
    {
      "type": "Feature",
      "geometry": {
        "type": "Point",
        "coordinates": [
          127.21055105494273,
          34.61035422047315
        ]
      },
      "properties": {
        "timestamp": "1970-01-01 00:21:27.952137+00:00",
        "altitude": 19.722660064697266,
        "lte_rsrp": null,
        "lte_rssi": null,
        "lte_sinr": null,
        "starlink_latency": null,
        "starlink_snr": null,
        "quality": "unknown"
      }
    },
    {
      "type": "Feature",
      "geometry": {
        "type": "Point",
        "coordinates": [
          127.21055081898325,
          34.610353825172325
        ]
      },
      "properties": {
        "timestamp": "1970-01-01 00:21:28.152200+00:00",
        "altitude": 20.079547882080078,
        "lte_rsrp": null,
        "lte_rssi": null,
        "lte_sinr": null,
        "starlink_latency": null,
        "starlink_snr": null,
        "quality": "unknown"
      }
    },
    {
      "type": "Feature",
      "geometry": {
        "type": "Point",
        "coordinates": [
          127.21055060238972,
          34.610353443819186
        ]
      },
      "properties": {
        "timestamp": "1970-01-01 00:21:28.352381+00:00",
        "altitude": 20.422012329101562,
        "lte_rsrp": null,
        "lte_rssi": null,
        "lte_sinr": null,
        "starlink_latency": null,
        "starlink_snr": null,
        "quality": "unknown"
      }
    },
    {
      "type": "Feature",
      "geometry": {
        "type": "Point",
        "coordinates": [
          127.2105504721002,
          34.610353110996755
        ]
      },
      "properties": {
        "timestamp": "1970-01-01 00:21:28.552578+00:00",
        "altitude": 20.766983032226562,
        "lte_rsrp": null,
        "lte_rssi": null,
        "lte_sinr": null,
        "starlink_latency": null,
        "starlink_snr": null,
        "quality": "unknown"
      }
    },
    {
      "type": "Feature",
      "geometry": {
        "type": "Point",
        "coordinates": [
          127.21055047884504,
          34.61035282609821
        ]
      },
      "properties": {
        "timestamp": "1970-01-01 00:21:28.752782+00:00",
        "altitude": 21.12239646911621,
        "lte_rsrp": null,
        "lte_rssi": null,
        "lte_sinr": null,
        "starlink_latency": null,
        "starlink_snr": null,
        "quality": "unknown"
      }
    },
    {
      "type": "Feature",
      "geometry": {
        "type": "Point",
        "coordinates": [
          127.21055062251217,
          34.61035259835091
        ]
      },
      "properties": {
        "timestamp": "1970-01-01 00:21:28.952947+00:00",
        "altitude": 21.489185333251953,
        "lte_rsrp": null,
        "lte_rssi": null,
        "lte_sinr": null,
        "starlink_latency": null,
        "starlink_snr": null,
        "quality": "unknown"
      }
    },
    {
      "type": "Feature",
      "geometry": {
        "type": "Point",
        "coordinates": [
          127.21055088313781,
          34.61035245557091
        ]
      },
      "properties": {
        "timestamp": "1970-01-01 00:21:29.153112+00:00",
        "altitude": 21.863656997680664,
        "lte_rsrp": null,
        "lte_rssi": null,
        "lte_sinr": null,
        "starlink_latency": null,
        "starlink_snr": null,
        "quality": "unknown"
      }
    },
    {
      "type": "Feature",
      "geometry": {
        "type": "Point",
        "coordinates": [
          127.2105512377749,
          34.61035239803052
        ]
      },
      "properties": {
        "timestamp": "1970-01-01 00:21:29.353272+00:00",
        "altitude": 22.245216369628906,
        "lte_rsrp": null,
        "lte_rssi": null,
        "lte_sinr": null,
        "starlink_latency": null,
        "starlink_snr": null,
        "quality": "unknown"
      }
    },
    {
      "type": "Feature",
      "geometry": {
        "type": "Point",
        "coordinates": [
          127.21055165877172,
          34.61035238968336
        ]
      },
      "properties": {
        "timestamp": "1970-01-01 00:21:29.553434+00:00",
        "altitude": 22.629262924194336,
        "lte_rsrp": null,
        "lte_rssi": null,
        "lte_sinr": null,
        "starlink_latency": null,
        "starlink_snr": null,
        "quality": "unknown"
      }
    },
    {
      "type": "Feature",
      "geometry": {
        "type": "Point",
        "coordinates": [
          127.21055212252443,
          34.61035242257678
        ]
      },
      "properties": {
        "timestamp": "1970-01-01 00:21:29.753676+00:00",
        "altitude": 23.010210037231445,
        "lte_rsrp": null,
        "lte_rssi": null,
        "lte_sinr": null,
        "starlink_latency": null,
        "starlink_snr": null,
        "quality": "unknown"
      }
    },
    {
      "type": "Feature",
      "geometry": {
        "type": "Point",
        "coordinates": [
          127.21055260320624,
          34.610352495597965
        ]
      },
      "properties": {
        "timestamp": "1970-01-01 00:21:29.953860+00:00",
        "altitude": 23.39089584350586,
        "lte_rsrp": null,
        "lte_rssi": null,
        "lte_sinr": null,
        "starlink_latency": null,
        "starlink_snr": null,
        "quality": "unknown"
      }
    },
    {
      "type": "Feature",
      "geometry": {
        "type": "Point",
        "coordinates": [
          127.21055307884292,
          34.610352594129154
        ]
      },
      "properties": {
        "timestamp": "1970-01-01 00:21:30.154007+00:00",
        "altitude": 23.77069854736328,
        "lte_rsrp": null,
        "lte_rssi": null,
        "lte_sinr": null,
        "starlink_latency": null,
        "starlink_snr": null,
        "quality": "unknown"
      }
    },
    {
      "type": "Feature",
      "geometry": {
        "type": "Point",
        "coordinates": [
          127.21055351346925,
          34.61035268795074
        ]
      },
      "properties": {
        "timestamp": "1970-01-01 00:21:30.354190+00:00",
        "altitude": 24.15348243713379,
        "lte_rsrp": null,
        "lte_rssi": null,
        "lte_sinr": null,
        "starlink_latency": null,
        "starlink_snr": null,
        "quality": "unknown"
      }
    },
    {
      "type": "Feature",
      "geometry": {
        "type": "Point",
        "coordinates": [
          127.21055385899831,
          34.61035273353429
        ]
      },
      "properties": {
        "timestamp": "1970-01-01 00:21:30.554331+00:00",
        "altitude": 24.534393310546875,
        "lte_rsrp": null,
        "lte_rssi": null,
        "lte_sinr": null,
        "starlink_latency": null,
        "starlink_snr": null,
        "quality": "unknown"
      }
    },
    {
      "type": "Feature",
      "geometry": {
        "type": "Point",
        "coordinates": [
          127.21055411913154,
          34.610352738709196
        ]
      },
      "properties": {
        "timestamp": "1970-01-01 00:21:30.754522+00:00",
        "altitude": 24.903017044067383,
        "lte_rsrp": null,
        "lte_rssi": null,
        "lte_sinr": null,
        "starlink_latency": null,
        "starlink_snr": null,
        "quality": "unknown"
      }
    },
    {
      "type": "Feature",
      "geometry": {
        "type": "Point",
        "coordinates": [
          127.21055427315522,
          34.61035283466742
        ]
      },
      "properties": {
        "timestamp": "1970-01-01 00:21:30.954651+00:00",
        "altitude": 25.266483306884766,
        "lte_rsrp": null,
        "lte_rssi": null,
        "lte_sinr": null,
        "starlink_latency": null,
        "starlink_snr": null,
        "quality": "unknown"
      }
    },
    {
      "type": "Feature",
      "geometry": {
        "type": "Point",
        "coordinates": [
          127.21055435478378,
          34.61035294092933
        ]
      },
      "properties": {
        "timestamp": "1970-01-01 00:21:31.154844+00:00",
        "altitude": 25.632963180541992,
        "lte_rsrp": null,
        "lte_rssi": null,
        "lte_sinr": null,
        "starlink_latency": null,
        "starlink_snr": null,
        "quality": "unknown"
      }
    },
    {
      "type": "Feature",
      "geometry": {
        "type": "Point",
        "coordinates": [
          127.21055439504957,
          34.610352925198775
        ]
      },
      "properties": {
        "timestamp": "1970-01-01 00:21:31.355012+00:00",
        "altitude": 26.009462356567383,
        "lte_rsrp": null,
        "lte_rssi": null,
        "lte_sinr": null,
        "starlink_latency": null,
        "starlink_snr": null,
        "quality": "unknown"
      }
    },
    {
      "type": "Feature",
      "geometry": {
        "type": "Point",
        "coordinates": [
          127.2105543743822,
          34.61035281286248
        ]
      },
      "properties": {
        "timestamp": "1970-01-01 00:21:31.555235+00:00",
        "altitude": 26.378173828125,
        "lte_rsrp": null,
        "lte_rssi": null,
        "lte_sinr": null,
        "starlink_latency": null,
        "starlink_snr": null,
        "quality": "unknown"
      }
    },
    {
      "type": "Feature",
      "geometry": {
        "type": "Point",
        "coordinates": [
          127.21055425808169,
          34.61035277462693
        ]
      },
      "properties": {
        "timestamp": "1970-01-01 00:21:31.755355+00:00",
        "altitude": 26.73821258544922,
        "lte_rsrp": null,
        "lte_rssi": null,
        "lte_sinr": null,
        "starlink_latency": null,
        "starlink_snr": null,
        "quality": "unknown"
      }
    },
    {
      "type": "Feature",
      "geometry": {
        "type": "Point",
        "coordinates": [
          127.21055407927622,
          34.6103529783233
        ]
      },
      "properties": {
        "timestamp": "1970-01-01 00:21:31.955543+00:00",
        "altitude": 27.104829788208008,
        "lte_rsrp": null,
        "lte_rssi": null,
        "lte_sinr": null,
        "starlink_latency": null,
        "starlink_snr": null,
        "quality": "unknown"
      }
    },
    {
      "type": "Feature",
      "geometry": {
        "type": "Point",
        "coordinates": [
          127.21055390644183,
          34.610353351217746
        ]
      },
      "properties": {
        "timestamp": "1970-01-01 00:21:32.155746+00:00",
        "altitude": 27.483137130737305,
        "lte_rsrp": null,
        "lte_rssi": null,
        "lte_sinr": null,
        "starlink_latency": null,
        "starlink_snr": null,
        "quality": "unknown"
      }
    },
    {
      "type": "Feature",
      "geometry": {
        "type": "Point",
        "coordinates": [
          127.21055376581135,
          34.61035375555722
        ]
      },
      "properties": {
        "timestamp": "1970-01-01 00:21:32.355957+00:00",
        "altitude": 27.871004104614258,
        "lte_rsrp": null,
        "lte_rssi": null,
        "lte_sinr": null,
        "starlink_latency": null,
        "starlink_snr": null,
        "quality": "unknown"
      }
    },
    {
      "type": "Feature",
      "geometry": {
        "type": "Point",
        "coordinates": [
          127.210553619943,
          34.6103541229337
        ]
      },
      "properties": {
        "timestamp": "1970-01-01 00:21:32.556079+00:00",
        "altitude": 28.262014389038086,
        "lte_rsrp": null,
        "lte_rssi": null,
        "lte_sinr": null,
        "starlink_latency": null,
        "starlink_snr": null,
        "quality": "unknown"
      }
    },
    {
      "type": "Feature",
      "geometry": {
        "type": "Point",
        "coordinates": [
          127.21055346641218,
          34.61035441165848
        ]
      },
      "properties": {
        "timestamp": "1970-01-01 00:21:32.746498+00:00",
        "altitude": 28.62114715576172,
        "lte_rsrp": null,
        "lte_rssi": null,
        "lte_sinr": null,
        "starlink_latency": null,
        "starlink_snr": null,
        "quality": "unknown"
      }
    },
    {
      "type": "Feature",
      "geometry": {
        "type": "Point",
        "coordinates": [
          127.21055324920574,
          34.61035478110835
        ]
      },
      "properties": {
        "timestamp": "1970-01-01 00:21:32.956505+00:00",
        "altitude": 29.016124725341797,
        "lte_rsrp": null,
        "lte_rssi": null,
        "lte_sinr": null,
        "starlink_latency": null,
        "starlink_snr": null,
        "quality": "unknown"
      }
    },
    {
      "type": "Feature",
      "geometry": {
        "type": "Point",
        "coordinates": [
          127.21055305626653,
          34.610355269073956
        ]
      },
      "properties": {
        "timestamp": "1970-01-01 00:21:33.149297+00:00",
        "altitude": 29.37274742126465,
        "lte_rsrp": null,
        "lte_rssi": null,
        "lte_sinr": null,
        "starlink_latency": null,
        "starlink_snr": null,
        "quality": "unknown"
      }
    },
    {
      "type": "Feature",
      "geometry": {
        "type": "Point",
        "coordinates": [
          127.21055287626298,
          34.61035594168731
        ]
      },
      "properties": {
        "timestamp": "1970-01-01 00:21:33.349319+00:00",
        "altitude": 29.75290298461914,
        "lte_rsrp": null,
        "lte_rssi": null,
        "lte_sinr": null,
        "starlink_latency": null,
        "starlink_snr": null,
        "quality": "unknown"
      }
    },
    {
      "type": "Feature",
      "geometry": {
        "type": "Point",
        "coordinates": [
          127.2105527396725,
          34.61035666398062
        ]
      },
      "properties": {
        "timestamp": "1970-01-01 00:21:33.549647+00:00",
        "altitude": 30.12135887145996,
        "lte_rsrp": null,
        "lte_rssi": null,
        "lte_sinr": null,
        "starlink_latency": null,
        "starlink_snr": null,
        "quality": "unknown"
      }
    },
    {
      "type": "Feature",
      "geometry": {
        "type": "Point",
        "coordinates": [
          127.21055260681877,
          34.61035731177221
        ]
      },
      "properties": {
        "timestamp": "1970-01-01 00:21:33.752194+00:00",
        "altitude": 30.4826602935791,
        "lte_rsrp": null,
        "lte_rssi": null,
        "lte_sinr": null,
        "starlink_latency": null,
        "starlink_snr": null,
        "quality": "unknown"
      }
    },
    {
      "type": "Feature",
      "geometry": {
        "type": "Point",
        "coordinates": [
          127.21055243680706,
          34.61035780259276
        ]
      },
      "properties": {
        "timestamp": "1970-01-01 00:21:33.952346+00:00",
        "altitude": 30.847631454467773,
        "lte_rsrp": null,
        "lte_rssi": null,
        "lte_sinr": null,
        "starlink_latency": null,
        "starlink_snr": null,
        "quality": "unknown"
      }
    },
    {
      "type": "Feature",
      "geometry": {
        "type": "Point",
        "coordinates": [
          127.21055224505646,
          34.6103581767619
        ]
      },
      "properties": {
        "timestamp": "1970-01-01 00:21:34.152484+00:00",
        "altitude": 31.220003128051758,
        "lte_rsrp": null,
        "lte_rssi": null,
        "lte_sinr": null,
        "starlink_latency": null,
        "starlink_snr": null,
        "quality": "unknown"
      }
    },
    {
      "type": "Feature",
      "geometry": {
        "type": "Point",
        "coordinates": [
          127.21055205334494,
          34.610358398056384
        ]
      },
      "properties": {
        "timestamp": "1970-01-01 00:21:34.352667+00:00",
        "altitude": 31.596738815307617,
        "lte_rsrp": null,
        "lte_rssi": null,
        "lte_sinr": null,
        "starlink_latency": null,
        "starlink_snr": null,
        "quality": "unknown"
      }
    },
    {
      "type": "Feature",
      "geometry": {
        "type": "Point",
        "coordinates": [
          127.21055190503408,
          34.6103584890498
        ]
      },
      "properties": {
        "timestamp": "1970-01-01 00:21:34.552848+00:00",
        "altitude": 31.971372604370117,
        "lte_rsrp": null,
        "lte_rssi": null,
        "lte_sinr": null,
        "starlink_latency": null,
        "starlink_snr": null,
        "quality": "unknown"
      }
    },
    {
      "type": "Feature",
      "geometry": {
        "type": "Point",
        "coordinates": [
          127.21055176993569,
          34.61035842822027
        ]
      },
      "properties": {
        "timestamp": "1970-01-01 00:21:34.753073+00:00",
        "altitude": 32.344051361083984,
        "lte_rsrp": null,
        "lte_rssi": null,
        "lte_sinr": null,
        "starlink_latency": null,
        "starlink_snr": null,
        "quality": "unknown"
      }
    },
    {
      "type": "Feature",
      "geometry": {
        "type": "Point",
        "coordinates": [
          127.21055163018808,
          34.61035821561388
        ]
      },
      "properties": {
        "timestamp": "1970-01-01 00:21:34.953273+00:00",
        "altitude": 32.714717864990234,
        "lte_rsrp": null,
        "lte_rssi": null,
        "lte_sinr": null,
        "starlink_latency": null,
        "starlink_snr": null,
        "quality": "unknown"
      }
    },
    {
      "type": "Feature",
      "geometry": {
        "type": "Point",
        "coordinates": [
          127.21055147861978,
          34.610357880519715
        ]
      },
      "properties": {
        "timestamp": "1970-01-01 00:21:35.153419+00:00",
        "altitude": 33.082027435302734,
        "lte_rsrp": null,
        "lte_rssi": null,
        "lte_sinr": null,
        "starlink_latency": null,
        "starlink_snr": null,
        "quality": "unknown"
      }
    },
    {
      "type": "Feature",
      "geometry": {
        "type": "Point",
        "coordinates": [
          127.21055131071897,
          34.61035749543898
        ]
      },
      "properties": {
        "timestamp": "1970-01-01 00:21:35.353578+00:00",
        "altitude": 33.450347900390625,
        "lte_rsrp": null,
        "lte_rssi": null,
        "lte_sinr": null,
        "starlink_latency": null,
        "starlink_snr": null,
        "quality": "unknown"
      }
    },
    {
      "type": "Feature",
      "geometry": {
        "type": "Point",
        "coordinates": [
          127.21055114780025,
          34.61035708625586
        ]
      },
      "properties": {
        "timestamp": "1970-01-01 00:21:35.553765+00:00",
        "altitude": 33.8192253112793,
        "lte_rsrp": null,
        "lte_rssi": null,
        "lte_sinr": null,
        "starlink_latency": null,
        "starlink_snr": null,
        "quality": "unknown"
      }
    },
    {
      "type": "Feature",
      "geometry": {
        "type": "Point",
        "coordinates": [
          127.21055099357466,
          34.61035662198845
        ]
      },
      "properties": {
        "timestamp": "1970-01-01 00:21:35.753924+00:00",
        "altitude": 34.18743133544922,
        "lte_rsrp": null,
        "lte_rssi": null,
        "lte_sinr": null,
        "starlink_latency": null,
        "starlink_snr": null,
        "quality": "unknown"
      }
    },
    {
      "type": "Feature",
      "geometry": {
        "type": "Point",
        "coordinates": [
          127.21055084752415,
          34.61035611651585
        ]
      },
      "properties": {
        "timestamp": "1970-01-01 00:21:35.954071+00:00",
        "altitude": 34.554264068603516,
        "lte_rsrp": null,
        "lte_rssi": null,
        "lte_sinr": null,
        "starlink_latency": null,
        "starlink_snr": null,
        "quality": "unknown"
      }
    },
    {
      "type": "Feature",
      "geometry": {
        "type": "Point",
        "coordinates": [
          127.21055070064453,
          34.61035562407755
        ]
      },
      "properties": {
        "timestamp": "1970-01-01 00:21:36.154244+00:00",
        "altitude": 34.92881774902344,
        "lte_rsrp": null,
        "lte_rssi": null,
        "lte_sinr": null,
        "starlink_latency": null,
        "starlink_snr": null,
        "quality": "unknown"
      }
    },
    {
      "type": "Feature",
      "geometry": {
        "type": "Point",
        "coordinates": [
          127.21055058326141,
          34.610355168657975
        ]
      },
      "properties": {
        "timestamp": "1970-01-01 00:21:36.354431+00:00",
        "altitude": 35.30583953857422,
        "lte_rsrp": null,
        "lte_rssi": null,
        "lte_sinr": null,
        "starlink_latency": null,
        "starlink_snr": null,
        "quality": "unknown"
      }
    },
    {
      "type": "Feature",
      "geometry": {
        "type": "Point",
        "coordinates": [
          127.21055050573361,
          34.610354774124765
        ]
      },
      "properties": {
        "timestamp": "1970-01-01 00:21:36.554585+00:00",
        "altitude": 35.6884765625,
        "lte_rsrp": null,
        "lte_rssi": null,
        "lte_sinr": null,
        "starlink_latency": null,
        "starlink_snr": null,
        "quality": "unknown"
      }
    },
    {
      "type": "Feature",
      "geometry": {
        "type": "Point",
        "coordinates": [
          127.21055044239618,
          34.6103544718897
        ]
      },
      "properties": {
        "timestamp": "1970-01-01 00:21:36.754772+00:00",
        "altitude": 36.068721771240234,
        "lte_rsrp": null,
        "lte_rssi": null,
        "lte_sinr": null,
        "starlink_latency": null,
        "starlink_snr": null,
        "quality": "unknown"
      }
    },
    {
      "type": "Feature",
      "geometry": {
        "type": "Point",
        "coordinates": [
          127.21055040094033,
          34.610354236859784
        ]
      },
      "properties": {
        "timestamp": "1970-01-01 00:21:36.954956+00:00",
        "altitude": 36.45199203491211,
        "lte_rsrp": null,
        "lte_rssi": null,
        "lte_sinr": null,
        "starlink_latency": null,
        "starlink_snr": null,
        "quality": "unknown"
      }
    },
    {
      "type": "Feature",
      "geometry": {
        "type": "Point",
        "coordinates": [
          127.21055037815155,
          34.610354099054206
        ]
      },
      "properties": {
        "timestamp": "1970-01-01 00:21:37.155150+00:00",
        "altitude": 36.83353042602539,
        "lte_rsrp": null,
        "lte_rssi": null,
        "lte_sinr": null,
        "starlink_latency": null,
        "starlink_snr": null,
        "quality": "unknown"
      }
    },
    {
      "type": "Feature",
      "geometry": {
        "type": "Point",
        "coordinates": [
          127.2105503782476,
          34.610354103103425
        ]
      },
      "properties": {
        "timestamp": "1970-01-01 00:21:37.355337+00:00",
        "altitude": 37.21324157714844,
        "lte_rsrp": null,
        "lte_rssi": null,
        "lte_sinr": null,
        "starlink_latency": null,
        "starlink_snr": null,
        "quality": "unknown"
      }
    },
    {
      "type": "Feature",
      "geometry": {
        "type": "Point",
        "coordinates": [
          127.21055043868252,
          34.61035428535938
        ]
      },
      "properties": {
        "timestamp": "1970-01-01 00:21:37.555487+00:00",
        "altitude": 37.586769104003906,
        "lte_rsrp": null,
        "lte_rssi": null,
        "lte_sinr": null,
        "starlink_latency": null,
        "starlink_snr": null,
        "quality": "unknown"
      }
    },
    {
      "type": "Feature",
      "geometry": {
        "type": "Point",
        "coordinates": [
          127.21055053901118,
          34.61035456659786
        ]
      },
      "properties": {
        "timestamp": "1970-01-01 00:21:37.755651+00:00",
        "altitude": 37.974483489990234,
        "lte_rsrp": null,
        "lte_rssi": null,
        "lte_sinr": null,
        "starlink_latency": null,
        "starlink_snr": null,
        "quality": "unknown"
      }
    },
    {
      "type": "Feature",
      "geometry": {
        "type": "Point",
        "coordinates": [
          127.21055063186364,
          34.61035495032886
        ]
      },
      "properties": {
        "timestamp": "1970-01-01 00:21:37.955968+00:00",
        "altitude": 38.34033203125,
        "lte_rsrp": null,
        "lte_rssi": null,
        "lte_sinr": null,
        "starlink_latency": null,
        "starlink_snr": null,
        "quality": "unknown"
      }
    },
    {
      "type": "Feature",
      "geometry": {
        "type": "Point",
        "coordinates": [
          127.21055080481068,
          34.61035543572257
        ]
      },
      "properties": {
        "timestamp": "1970-01-01 00:21:38.156042+00:00",
        "altitude": 38.70368194580078,
        "lte_rsrp": null,
        "lte_rssi": null,
        "lte_sinr": null,
        "starlink_latency": null,
        "starlink_snr": null,
        "quality": "unknown"
      }
    },
    {
      "type": "Feature",
      "geometry": {
        "type": "Point",
        "coordinates": [
          127.21055104598601,
          34.61035591976011
        ]
      },
      "properties": {
        "timestamp": "1970-01-01 00:21:38.346210+00:00",
        "altitude": 39.04426193237305,
        "lte_rsrp": null,
        "lte_rssi": null,
        "lte_sinr": null,
        "starlink_latency": null,
        "starlink_snr": null,
        "quality": "unknown"
      }
    },
    {
      "type": "Feature",
      "geometry": {
        "type": "Point",
        "coordinates": [
          127.21055135032262,
          34.610356463113405
        ]
      },
      "properties": {
        "timestamp": "1970-01-01 00:21:38.556378+00:00",
        "altitude": 39.4255256652832,
        "lte_rsrp": null,
        "lte_rssi": null,
        "lte_sinr": null,
        "starlink_latency": null,
        "starlink_snr": null,
        "quality": "unknown"
      }
    },
    {
      "type": "Feature",
      "geometry": {
        "type": "Point",
        "coordinates": [
          127.2105516239445,
          34.61035693704878
        ]
      },
      "properties": {
        "timestamp": "1970-01-01 00:21:38.756433+00:00",
        "altitude": 39.78913879394531,
        "lte_rsrp": null,
        "lte_rssi": null,
        "lte_sinr": null,
        "starlink_latency": null,
        "starlink_snr": null,
        "quality": "unknown"
      }
    },
    {
      "type": "Feature",
      "geometry": {
        "type": "Point",
        "coordinates": [
          127.21055188427508,
          34.61035733104596
        ]
      },
      "properties": {
        "timestamp": "1970-01-01 00:21:38.956877+00:00",
        "altitude": 40.155494689941406,
        "lte_rsrp": null,
        "lte_rssi": null,
        "lte_sinr": null,
        "starlink_latency": null,
        "starlink_snr": null,
        "quality": "unknown"
      }
    },
    {
      "type": "Feature",
      "geometry": {
        "type": "Point",
        "coordinates": [
          127.21055215976197,
          34.61035764191016
        ]
      },
      "properties": {
        "timestamp": "1970-01-01 00:21:39.156900+00:00",
        "altitude": 40.50753402709961,
        "lte_rsrp": null,
        "lte_rssi": null,
        "lte_sinr": null,
        "starlink_latency": null,
        "starlink_snr": null,
        "quality": "unknown"
      }
    },
    {
      "type": "Feature",
      "geometry": {
        "type": "Point",
        "coordinates": [
          127.21055239205565,
          34.61035791094844
        ]
      },
      "properties": {
        "timestamp": "1970-01-01 00:21:39.347051+00:00",
        "altitude": 40.84077835083008,
        "lte_rsrp": null,
        "lte_rssi": null,
        "lte_sinr": null,
        "starlink_latency": null,
        "starlink_snr": null,
        "quality": "unknown"
      }
    },
    {
      "type": "Feature",
      "geometry": {
        "type": "Point",
        "coordinates": [
          127.21055255954678,
          34.61035814521289
        ]
      },
      "properties": {
        "timestamp": "1970-01-01 00:21:39.547235+00:00",
        "altitude": 41.18915939331055,
        "lte_rsrp": null,
        "lte_rssi": null,
        "lte_sinr": null,
        "starlink_latency": null,
        "starlink_snr": null,
        "quality": "unknown"
      }
    },
    {
      "type": "Feature",
      "geometry": {
        "type": "Point",
        "coordinates": [
          127.21055265221234,
          34.610358252094464
        ]
      },
      "properties": {
        "timestamp": "1970-01-01 00:21:39.747396+00:00",
        "altitude": 41.53630065917969,
        "lte_rsrp": null,
        "lte_rssi": null,
        "lte_sinr": null,
        "starlink_latency": null,
        "starlink_snr": null,
        "quality": "unknown"
      }
    },
    {
      "type": "Feature",
      "geometry": {
        "type": "Point",
        "coordinates": [
          127.21055266789195,
          34.610358168845714
        ]
      },
      "properties": {
        "timestamp": "1970-01-01 00:21:39.957707+00:00",
        "altitude": 41.90079879760742,
        "lte_rsrp": null,
        "lte_rssi": null,
        "lte_sinr": null,
        "starlink_latency": null,
        "starlink_snr": null,
        "quality": "unknown"
      }
    },
    {
      "type": "Feature",
      "geometry": {
        "type": "Point",
        "coordinates": [
          127.21055266268355,
          34.61035794572334
        ]
      },
      "properties": {
        "timestamp": "1970-01-01 00:21:40.157768+00:00",
        "altitude": 42.24232482910156,
        "lte_rsrp": null,
        "lte_rssi": null,
        "lte_sinr": null,
        "starlink_latency": null,
        "starlink_snr": null,
        "quality": "unknown"
      }
    },
    {
      "type": "Feature",
      "geometry": {
        "type": "Point",
        "coordinates": [
          127.21055267169325,
          34.61035765280139
        ]
      },
      "properties": {
        "timestamp": "1970-01-01 00:21:40.347959+00:00",
        "altitude": 42.559696197509766,
        "lte_rsrp": null,
        "lte_rssi": null,
        "lte_sinr": null,
        "starlink_latency": null,
        "starlink_snr": null,
        "quality": "unknown"
      }
    },
    {
      "type": "Feature",
      "geometry": {
        "type": "Point",
        "coordinates": [
          127.21055268035481,
          34.610357298964146
        ]
      },
      "properties": {
        "timestamp": "1970-01-01 00:21:40.548177+00:00",
        "altitude": 42.894901275634766,
        "lte_rsrp": null,
        "lte_rssi": null,
        "lte_sinr": null,
        "starlink_latency": null,
        "starlink_snr": null,
        "quality": "unknown"
      }
    },
    {
      "type": "Feature",
      "geometry": {
        "type": "Point",
        "coordinates": [
          127.21055262411912,
          34.61035692043486
        ]
      },
      "properties": {
        "timestamp": "1970-01-01 00:21:40.748351+00:00",
        "altitude": 43.26392364501953,
        "lte_rsrp": null,
        "lte_rssi": null,
        "lte_sinr": null,
        "starlink_latency": null,
        "starlink_snr": null,
        "quality": "unknown"
      }
    },
    {
      "type": "Feature",
      "geometry": {
        "type": "Point",
        "coordinates": [
          127.2105526263635,
          34.610356587699265
        ]
      },
      "properties": {
        "timestamp": "1970-01-01 00:21:40.948621+00:00",
        "altitude": 43.604888916015625,
        "lte_rsrp": null,
        "lte_rssi": null,
        "lte_sinr": null,
        "starlink_latency": null,
        "starlink_snr": null,
        "quality": "unknown"
      }
    },
    {
      "type": "Feature",
      "geometry": {
        "type": "Point",
        "coordinates": [
          127.21055262625897,
          34.610356170602095
        ]
      },
      "properties": {
        "timestamp": "1970-01-01 00:21:41.148685+00:00",
        "altitude": 43.93207550048828,
        "lte_rsrp": null,
        "lte_rssi": null,
        "lte_sinr": null,
        "starlink_latency": null,
        "starlink_snr": null,
        "quality": "unknown"
      }
    },
    {
      "type": "Feature",
      "geometry": {
        "type": "Point",
        "coordinates": [
          127.21055261536186,
          34.61035568911181
        ]
      },
      "properties": {
        "timestamp": "1970-01-01 00:21:41.358833+00:00",
        "altitude": 44.273094177246094,
        "lte_rsrp": null,
        "lte_rssi": null,
        "lte_sinr": null,
        "starlink_latency": null,
        "starlink_snr": null,
        "quality": "unknown"
      }
    },
    {
      "type": "Feature",
      "geometry": {
        "type": "Point",
        "coordinates": [
          127.21055259928696,
          34.61035528317387
        ]
      },
      "properties": {
        "timestamp": "1970-01-01 00:21:41.549022+00:00",
        "altitude": 44.58592224121094,
        "lte_rsrp": null,
        "lte_rssi": null,
        "lte_sinr": null,
        "starlink_latency": null,
        "starlink_snr": null,
        "quality": "unknown"
      }
    },
    {
      "type": "Feature",
      "geometry": {
        "type": "Point",
        "coordinates": [
          127.21055260448495,
          34.61035491177604
        ]
      },
      "properties": {
        "timestamp": "1970-01-01 00:21:41.749176+00:00",
        "altitude": 44.91197204589844,
        "lte_rsrp": null,
        "lte_rssi": null,
        "lte_sinr": null,
        "starlink_latency": null,
        "starlink_snr": null,
        "quality": "unknown"
      }
    },
    {
      "type": "Feature",
      "geometry": {
        "type": "Point",
        "coordinates": [
          127.21055261210283,
          34.61035460972
        ]
      },
      "properties": {
        "timestamp": "1970-01-01 00:21:41.949452+00:00",
        "altitude": 45.24679946899414,
        "lte_rsrp": null,
        "lte_rssi": null,
        "lte_sinr": null,
        "starlink_latency": null,
        "starlink_snr": null,
        "quality": "unknown"
      }
    },
    {
      "type": "Feature",
      "geometry": {
        "type": "Point",
        "coordinates": [
          127.2105526222142,
          34.61035434558755
        ]
      },
      "properties": {
        "timestamp": "1970-01-01 00:21:42.149518+00:00",
        "altitude": 45.57166290283203,
        "lte_rsrp": null,
        "lte_rssi": null,
        "lte_sinr": null,
        "starlink_latency": null,
        "starlink_snr": null,
        "quality": "unknown"
      }
    },
    {
      "type": "Feature",
      "geometry": {
        "type": "Point",
        "coordinates": [
          127.21055262460737,
          34.61035415943568
        ]
      },
      "properties": {
        "timestamp": "1970-01-01 00:21:42.349796+00:00",
        "altitude": 45.89970779418945,
        "lte_rsrp": null,
        "lte_rssi": null,
        "lte_sinr": null,
        "starlink_latency": null,
        "starlink_snr": null,
        "quality": "unknown"
      }
    },
    {
      "type": "Feature",
      "geometry": {
        "type": "Point",
        "coordinates": [
          127.21055263681264,
          34.61035409280409
        ]
      },
      "properties": {
        "timestamp": "1970-01-01 00:21:42.554968+00:00",
        "altitude": 46.238746643066406,
        "lte_rsrp": null,
        "lte_rssi": null,
        "lte_sinr": null,
        "starlink_latency": null,
        "starlink_snr": null,
        "quality": "unknown"
      }
    },
    {
      "type": "Feature",
      "geometry": {
        "type": "Point",
        "coordinates": [
          127.21055269555909,
          34.61035418665246
        ]
      },
      "properties": {
        "timestamp": "1970-01-01 00:21:42.755126+00:00",
        "altitude": 46.58084487915039,
        "lte_rsrp": null,
        "lte_rssi": null,
        "lte_sinr": null,
        "starlink_latency": null,
        "starlink_snr": null,
        "quality": "unknown"
      }
    },
    {
      "type": "Feature",
      "geometry": {
        "type": "Point",
        "coordinates": [
          127.21055280337927,
          34.610354422758725
        ]
      },
      "properties": {
        "timestamp": "1970-01-01 00:21:42.955338+00:00",
        "altitude": 46.93404769897461,
        "lte_rsrp": null,
        "lte_rssi": null,
        "lte_sinr": null,
        "starlink_latency": null,
        "starlink_snr": null,
        "quality": "unknown"
      }
    },
    {
      "type": "Feature",
      "geometry": {
        "type": "Point",
        "coordinates": [
          127.21055300418709,
          34.6103547799505
        ]
      },
      "properties": {
        "timestamp": "1970-01-01 00:21:43.155461+00:00",
        "altitude": 47.277523040771484,
        "lte_rsrp": null,
        "lte_rssi": null,
        "lte_sinr": null,
        "starlink_latency": null,
        "starlink_snr": null,
        "quality": "unknown"
      }
    },
    {
      "type": "Feature",
      "geometry": {
        "type": "Point",
        "coordinates": [
          127.21055322145372,
          34.61035518523127
        ]
      },
      "properties": {
        "timestamp": "1970-01-01 00:21:43.355597+00:00",
        "altitude": 47.630741119384766,
        "lte_rsrp": null,
        "lte_rssi": null,
        "lte_sinr": null,
        "starlink_latency": null,
        "starlink_snr": null,
        "quality": "unknown"
      }
    },
    {
      "type": "Feature",
      "geometry": {
        "type": "Point",
        "coordinates": [
          127.21055341196131,
          34.610355621146574
        ]
      },
      "properties": {
        "timestamp": "1970-01-01 00:21:43.555748+00:00",
        "altitude": 47.993587493896484,
        "lte_rsrp": null,
        "lte_rssi": null,
        "lte_sinr": null,
        "starlink_latency": null,
        "starlink_snr": null,
        "quality": "unknown"
      }
    },
    {
      "type": "Feature",
      "geometry": {
        "type": "Point",
        "coordinates": [
          127.21055356898096,
          34.61035608352927
        ]
      },
      "properties": {
        "timestamp": "1970-01-01 00:21:43.755927+00:00",
        "altitude": 48.355857849121094,
        "lte_rsrp": null,
        "lte_rssi": null,
        "lte_sinr": null,
        "starlink_latency": null,
        "starlink_snr": null,
        "quality": "unknown"
      }
    },
    {
      "type": "Feature",
      "geometry": {
        "type": "Point",
        "coordinates": [
          127.21055365167011,
          34.610356508277846
        ]
      },
      "properties": {
        "timestamp": "1970-01-01 00:21:43.946275+00:00",
        "altitude": 48.70615005493164,
        "lte_rsrp": null,
        "lte_rssi": null,
        "lte_sinr": null,
        "starlink_latency": null,
        "starlink_snr": null,
        "quality": "unknown"
      }
    },
    {
      "type": "Feature",
      "geometry": {
        "type": "Point",
        "coordinates": [
          127.2105537235579,
          34.61035698279642
        ]
      },
      "properties": {
        "timestamp": "1970-01-01 00:21:44.156286+00:00",
        "altitude": 49.08076095581055,
        "lte_rsrp": null,
        "lte_rssi": null,
        "lte_sinr": null,
        "starlink_latency": null,
        "starlink_snr": null,
        "quality": "unknown"
      }
    },
    {
      "type": "Feature",
      "geometry": {
        "type": "Point",
        "coordinates": [
          127.21055373214178,
          34.61035742190972
        ]
      },
      "properties": {
        "timestamp": "1970-01-01 00:21:44.356451+00:00",
        "altitude": 49.43623352050781,
        "lte_rsrp": null,
        "lte_rssi": null,
        "lte_sinr": null,
        "starlink_latency": null,
        "starlink_snr": null,
        "quality": "unknown"
      }
    },
    {
      "type": "Feature",
      "geometry": {
        "type": "Point",
        "coordinates": [
          127.21055368378671,
          34.610357830107596
        ]
      },
      "properties": {
        "timestamp": "1970-01-01 00:21:44.556643+00:00",
        "altitude": 49.80198669433594,
        "lte_rsrp": null,
        "lte_rssi": null,
        "lte_sinr": null,
        "starlink_latency": null,
        "starlink_snr": null,
        "quality": "unknown"
      }
    },
    {
      "type": "Feature",
      "geometry": {
        "type": "Point",
        "coordinates": [
          127.21055358679087,
          34.61035810790363
        ]
      },
      "properties": {
        "timestamp": "1970-01-01 00:21:44.756839+00:00",
        "altitude": 50.17869186401367,
        "lte_rsrp": null,
        "lte_rssi": null,
        "lte_sinr": null,
        "starlink_latency": null,
        "starlink_snr": null,
        "quality": "unknown"
      }
    },
    {
      "type": "Feature",
      "geometry": {
        "type": "Point",
        "coordinates": [
          127.21055345431346,
          34.61035820708342
        ]
      },
      "properties": {
        "timestamp": "1970-01-01 00:21:44.947001+00:00",
        "altitude": 50.54152297973633,
        "lte_rsrp": null,
        "lte_rssi": null,
        "lte_sinr": null,
        "starlink_latency": null,
        "starlink_snr": null,
        "quality": "unknown"
      }
    },
    {
      "type": "Feature",
      "geometry": {
        "type": "Point",
        "coordinates": [
          127.2105532923062,
          34.61035821917429
        ]
      },
      "properties": {
        "timestamp": "1970-01-01 00:21:45.147377+00:00",
        "altitude": 50.91542053222656,
        "lte_rsrp": null,
        "lte_rssi": null,
        "lte_sinr": null,
        "starlink_latency": null,
        "starlink_snr": null,
        "quality": "unknown"
      }
    },
    {
      "type": "Feature",
      "geometry": {
        "type": "Point",
        "coordinates": [
          127.21055305468411,
          34.61035816758282
        ]
      },
      "properties": {
        "timestamp": "1970-01-01 00:21:45.347342+00:00",
        "altitude": 51.293479919433594,
        "lte_rsrp": null,
        "lte_rssi": null,
        "lte_sinr": null,
        "starlink_latency": null,
        "starlink_snr": null,
        "quality": "unknown"
      }
    },
    {
      "type": "Feature",
      "geometry": {
        "type": "Point",
        "coordinates": [
          127.21055274488377,
          34.61035805583616
        ]
      },
      "properties": {
        "timestamp": "1970-01-01 00:21:45.557507+00:00",
        "altitude": 51.68982696533203,
        "lte_rsrp": null,
        "lte_rssi": null,
        "lte_sinr": null,
        "starlink_latency": null,
        "starlink_snr": null,
        "quality": "unknown"
      }
    },
    {
      "type": "Feature",
      "geometry": {
        "type": "Point",
        "coordinates": [
          127.21055241302375,
          34.61035791606867
        ]
      },
      "properties": {
        "timestamp": "1970-01-01 00:21:45.757733+00:00",
        "altitude": 52.06712341308594,
        "lte_rsrp": null,
        "lte_rssi": null,
        "lte_sinr": null,
        "starlink_latency": null,
        "starlink_snr": null,
        "quality": "unknown"
      }
    },
    {
      "type": "Feature",
      "geometry": {
        "type": "Point",
        "coordinates": [
          127.21055206986505,
          34.61035776563726
        ]
      },
      "properties": {
        "timestamp": "1970-01-01 00:21:45.948070+00:00",
        "altitude": 52.42788314819336,
        "lte_rsrp": null,
        "lte_rssi": null,
        "lte_sinr": null,
        "starlink_latency": null,
        "starlink_snr": null,
        "quality": "unknown"
      }
    },
    {
      "type": "Feature",
      "geometry": {
        "type": "Point",
        "coordinates": [
          127.2105516797464,
          34.6103575640014
        ]
      },
      "properties": {
        "timestamp": "1970-01-01 00:21:46.148083+00:00",
        "altitude": 52.8015251159668,
        "lte_rsrp": null,
        "lte_rssi": null,
        "lte_sinr": null,
        "starlink_latency": null,
        "starlink_snr": null,
        "quality": "unknown"
      }
    },
    {
      "type": "Feature",
      "geometry": {
        "type": "Point",
        "coordinates": [
          127.21055125899966,
          34.61035730338962
        ]
      },
      "properties": {
        "timestamp": "1970-01-01 00:21:46.348431+00:00",
        "altitude": 53.17892074584961,
        "lte_rsrp": null,
        "lte_rssi": null,
        "lte_sinr": null,
        "starlink_latency": null,
        "starlink_snr": null,
        "quality": "unknown"
      }
    },
    {
      "type": "Feature",
      "geometry": {
        "type": "Point",
        "coordinates": [
          127.21055085578708,
          34.61035700866764
        ]
      },
      "properties": {
        "timestamp": "1970-01-01 00:21:46.548434+00:00",
        "altitude": 53.56098937988281,
        "lte_rsrp": null,
        "lte_rssi": null,
        "lte_sinr": null,
        "starlink_latency": null,
        "starlink_snr": null,
        "quality": "unknown"
      }
    },
    {
      "type": "Feature",
      "geometry": {
        "type": "Point",
        "coordinates": [
          127.21055050048761,
          34.61035673584494
        ]
      },
      "properties": {
        "timestamp": "1970-01-01 00:21:46.748767+00:00",
        "altitude": 53.93952178955078,
        "lte_rsrp": null,
        "lte_rssi": null,
        "lte_sinr": null,
        "starlink_latency": null,
        "starlink_snr": null,
        "quality": "unknown"
      }
    },
    {
      "type": "Feature",
      "geometry": {
        "type": "Point",
        "coordinates": [
          127.21055020321919,
          34.610356520312834
        ]
      },
      "properties": {
        "timestamp": "1970-01-01 00:21:46.958861+00:00",
        "altitude": 54.341163635253906,
        "lte_rsrp": null,
        "lte_rssi": null,
        "lte_sinr": null,
        "starlink_latency": null,
        "starlink_snr": null,
        "quality": "unknown"
      }
    },
    {
      "type": "Feature",
      "geometry": {
        "type": "Point",
        "coordinates": [
          127.21055003085992,
          34.61035634159902
        ]
      },
      "properties": {
        "timestamp": "1970-01-01 00:21:47.149126+00:00",
        "altitude": 54.706241607666016,
        "lte_rsrp": null,
        "lte_rssi": null,
        "lte_sinr": null,
        "starlink_latency": null,
        "starlink_snr": null,
        "quality": "unknown"
      }
    },
    {
      "type": "Feature",
      "geometry": {
        "type": "Point",
        "coordinates": [
          127.21054993716274,
          34.61035614845614
        ]
      },
      "properties": {
        "timestamp": "1970-01-01 00:21:47.349095+00:00",
        "altitude": 55.094566345214844,
        "lte_rsrp": null,
        "lte_rssi": null,
        "lte_sinr": null,
        "starlink_latency": null,
        "starlink_snr": null,
        "quality": "unknown"
      }
    },
    {
      "type": "Feature",
      "geometry": {
        "type": "Point",
        "coordinates": [
          127.21054993000241,
          34.610355958532715
        ]
      },
      "properties": {
        "timestamp": "1970-01-01 00:21:47.549507+00:00",
        "altitude": 55.485069274902344,
        "lte_rsrp": null,
        "lte_rssi": null,
        "lte_sinr": null,
        "starlink_latency": null,
        "starlink_snr": null,
        "quality": "unknown"
      }
    },
    {
      "type": "Feature",
      "geometry": {
        "type": "Point",
        "coordinates": [
          127.21055000726486,
          34.610355812583656
        ]
      },
      "properties": {
        "timestamp": "1970-01-01 00:21:47.749486+00:00",
        "altitude": 55.87430953979492,
        "lte_rsrp": null,
        "lte_rssi": null,
        "lte_sinr": null,
        "starlink_latency": null,
        "starlink_snr": null,
        "quality": "unknown"
      }
    },
    {
      "type": "Feature",
      "geometry": {
        "type": "Point",
        "coordinates": [
          127.21055015129151,
          34.61035574859044
        ]
      },
      "properties": {
        "timestamp": "1970-01-01 00:21:47.949822+00:00",
        "altitude": 56.265045166015625,
        "lte_rsrp": null,
        "lte_rssi": null,
        "lte_sinr": null,
        "starlink_latency": null,
        "starlink_snr": null,
        "quality": "unknown"
      }
    },
    {
      "type": "Feature",
      "geometry": {
        "type": "Point",
        "coordinates": [
          127.21055034408514,
          34.61035564065717
        ]
      },
      "properties": {
        "timestamp": "1970-01-01 00:21:48.149834+00:00",
        "altitude": 56.647552490234375,
        "lte_rsrp": null,
        "lte_rssi": null,
        "lte_sinr": null,
        "starlink_latency": null,
        "starlink_snr": null,
        "quality": "unknown"
      }
    },
    {
      "type": "Feature",
      "geometry": {
        "type": "Point",
        "coordinates": [
          127.21055056686895,
          34.61035547024658
        ]
      },
      "properties": {
        "timestamp": "1970-01-01 00:21:48.350164+00:00",
        "altitude": 57.03236770629883,
        "lte_rsrp": null,
        "lte_rssi": null,
        "lte_sinr": null,
        "starlink_latency": null,
        "starlink_snr": null,
        "quality": "unknown"
      }
    },
    {
      "type": "Feature",
      "geometry": {
        "type": "Point",
        "coordinates": [
          127.2105508136455,
          34.61035520673059
        ]
      },
      "properties": {
        "timestamp": "1970-01-01 00:21:48.550186+00:00",
        "altitude": 57.41573715209961,
        "lte_rsrp": null,
        "lte_rssi": null,
        "lte_sinr": null,
        "starlink_latency": null,
        "starlink_snr": null,
        "quality": "unknown"
      }
    },
    {
      "type": "Feature",
      "geometry": {
        "type": "Point",
        "coordinates": [
          127.21055106914578,
          34.61035492540849
        ]
      },
      "properties": {
        "timestamp": "1970-01-01 00:21:48.750497+00:00",
        "altitude": 57.79801559448242,
        "lte_rsrp": null,
        "lte_rssi": null,
        "lte_sinr": null,
        "starlink_latency": null,
        "starlink_snr": null,
        "quality": "unknown"
      }
    },
    {
      "type": "Feature",
      "geometry": {
        "type": "Point",
        "coordinates": [
          127.21055131989326,
          34.61035465980731
        ]
      },
      "properties": {
        "timestamp": "1970-01-01 00:21:48.950488+00:00",
        "altitude": 58.183570861816406,
        "lte_rsrp": null,
        "lte_rssi": null,
        "lte_sinr": null,
        "starlink_latency": null,
        "starlink_snr": null,
        "quality": "unknown"
      }
    },
    {
      "type": "Feature",
      "geometry": {
        "type": "Point",
        "coordinates": [
          127.210551554388,
          34.61035438323558
        ]
      },
      "properties": {
        "timestamp": "1970-01-01 00:21:49.150853+00:00",
        "altitude": 58.567386627197266,
        "lte_rsrp": null,
        "lte_rssi": null,
        "lte_sinr": null,
        "starlink_latency": null,
        "starlink_snr": null,
        "quality": "unknown"
      }
    },
    {
      "type": "Feature",
      "geometry": {
        "type": "Point",
        "coordinates": [
          127.21055179222158,
          34.61035415639633
        ]
      },
      "properties": {
        "timestamp": "1970-01-01 00:21:49.350845+00:00",
        "altitude": 58.953392028808594,
        "lte_rsrp": null,
        "lte_rssi": null,
        "lte_sinr": null,
        "starlink_latency": null,
        "starlink_snr": null,
        "quality": "unknown"
      }
    },
    {
      "type": "Feature",
      "geometry": {
        "type": "Point",
        "coordinates": [
          127.21055203318595,
          34.61035399677618
        ]
      },
      "properties": {
        "timestamp": "1970-01-01 00:21:49.551197+00:00",
        "altitude": 59.332862854003906,
        "lte_rsrp": null,
        "lte_rssi": null,
        "lte_sinr": null,
        "starlink_latency": null,
        "starlink_snr": null,
        "quality": "unknown"
      }
    },
    {
      "type": "Feature",
      "geometry": {
        "type": "Point",
        "coordinates": [
          127.21055220838973,
          34.61035396941468
        ]
      },
      "properties": {
        "timestamp": "1970-01-01 00:21:49.751195+00:00",
        "altitude": 59.707332611083984,
        "lte_rsrp": null,
        "lte_rssi": null,
        "lte_sinr": null,
        "starlink_latency": null,
        "starlink_snr": null,
        "quality": "unknown"
      }
    },
    {
      "type": "Feature",
      "geometry": {
        "type": "Point",
        "coordinates": [
          127.21055235606396,
          34.61035406996781
        ]
      },
      "properties": {
        "timestamp": "1970-01-01 00:21:49.951464+00:00",
        "altitude": 60.09069061279297,
        "lte_rsrp": null,
        "lte_rssi": null,
        "lte_sinr": null,
        "starlink_latency": null,
        "starlink_snr": null,
        "quality": "unknown"
      }
    },
    {
      "type": "Feature",
      "geometry": {
        "type": "Point",
        "coordinates": [
          127.21055246099013,
          34.610354205147885
        ]
      },
      "properties": {
        "timestamp": "1970-01-01 00:21:50.151578+00:00",
        "altitude": 60.471343994140625,
        "lte_rsrp": null,
        "lte_rssi": null,
        "lte_sinr": null,
        "starlink_latency": null,
        "starlink_snr": null,
        "quality": "unknown"
      }
    },
    {
      "type": "Feature",
      "geometry": {
        "type": "Point",
        "coordinates": [
          127.21055253692128,
          34.610354366063106
        ]
      },
      "properties": {
        "timestamp": "1970-01-01 00:21:50.351914+00:00",
        "altitude": 60.85627746582031,
        "lte_rsrp": null,
        "lte_rssi": null,
        "lte_sinr": null,
        "starlink_latency": null,
        "starlink_snr": null,
        "quality": "unknown"
      }
    },
    {
      "type": "Feature",
      "geometry": {
        "type": "Point",
        "coordinates": [
          127.21055260368973,
          34.610354552122786
        ]
      },
      "properties": {
        "timestamp": "1970-01-01 00:21:50.551900+00:00",
        "altitude": 61.24114990234375,
        "lte_rsrp": null,
        "lte_rssi": null,
        "lte_sinr": null,
        "starlink_latency": null,
        "starlink_snr": null,
        "quality": "unknown"
      }
    },
    {
      "type": "Feature",
      "geometry": {
        "type": "Point",
        "coordinates": [
          127.2105526259868,
          34.610354829084756
        ]
      },
      "properties": {
        "timestamp": "1970-01-01 00:21:50.752316+00:00",
        "altitude": 61.623374938964844,
        "lte_rsrp": null,
        "lte_rssi": null,
        "lte_sinr": null,
        "starlink_latency": null,
        "starlink_snr": null,
        "quality": "unknown"
      }
    },
    {
      "type": "Feature",
      "geometry": {
        "type": "Point",
        "coordinates": [
          127.21055265447278,
          34.6103551926661
        ]
      },
      "properties": {
        "timestamp": "1970-01-01 00:21:50.952264+00:00",
        "altitude": 62.008644104003906,
        "lte_rsrp": null,
        "lte_rssi": null,
        "lte_sinr": null,
        "starlink_latency": null,
        "starlink_snr": null,
        "quality": "unknown"
      }
    },
    {
      "type": "Feature",
      "geometry": {
        "type": "Point",
        "coordinates": [
          127.21055259330316,
          34.610355670480224
        ]
      },
      "properties": {
        "timestamp": "1970-01-01 00:21:51.152663+00:00",
        "altitude": 62.38565444946289,
        "lte_rsrp": null,
        "lte_rssi": null,
        "lte_sinr": null,
        "starlink_latency": null,
        "starlink_snr": null,
        "quality": "unknown"
      }
    },
    {
      "type": "Feature",
      "geometry": {
        "type": "Point",
        "coordinates": [
          127.21055251289039,
          34.61035622696964
        ]
      },
      "properties": {
        "timestamp": "1970-01-01 00:21:51.352653+00:00",
        "altitude": 62.76100540161133,
        "lte_rsrp": null,
        "lte_rssi": null,
        "lte_sinr": null,
        "starlink_latency": null,
        "starlink_snr": null,
        "quality": "unknown"
      }
    },
    {
      "type": "Feature",
      "geometry": {
        "type": "Point",
        "coordinates": [
          127.21055242664431,
          34.61035677572404
        ]
      },
      "properties": {
        "timestamp": "1970-01-01 00:21:51.553005+00:00",
        "altitude": 63.14004898071289,
        "lte_rsrp": null,
        "lte_rssi": null,
        "lte_sinr": null,
        "starlink_latency": null,
        "starlink_snr": null,
        "quality": "unknown"
      }
    },
    {
      "type": "Feature",
      "geometry": {
        "type": "Point",
        "coordinates": [
          127.21055229006065,
          34.61035726840249
        ]
      },
      "properties": {
        "timestamp": "1970-01-01 00:21:51.753004+00:00",
        "altitude": 63.52097702026367,
        "lte_rsrp": null,
        "lte_rssi": null,
        "lte_sinr": null,
        "starlink_latency": null,
        "starlink_snr": null,
        "quality": "unknown"
      }
    },
    {
      "type": "Feature",
      "geometry": {
        "type": "Point",
        "coordinates": [
          127.21055216847792,
          34.61035765875353
        ]
      },
      "properties": {
        "timestamp": "1970-01-01 00:21:51.953386+00:00",
        "altitude": 63.907386779785156,
        "lte_rsrp": null,
        "lte_rssi": null,
        "lte_sinr": null,
        "starlink_latency": null,
        "starlink_snr": null,
        "quality": "unknown"
      }
    },
    {
      "type": "Feature",
      "geometry": {
        "type": "Point",
        "coordinates": [
          127.2105520345968,
          34.61035804490847
        ]
      },
      "properties": {
        "timestamp": "1970-01-01 00:21:52.155826+00:00",
        "altitude": 64.29230499267578,
        "lte_rsrp": null,
        "lte_rssi": null,
        "lte_sinr": null,
        "starlink_latency": null,
        "starlink_snr": null,
        "quality": "unknown"
      }
    },
    {
      "type": "Feature",
      "geometry": {
        "type": "Point",
        "coordinates": [
          127.21055194460577,
          34.61035836449508
        ]
      },
      "properties": {
        "timestamp": "1970-01-01 00:21:52.346037+00:00",
        "altitude": 64.66121673583984,
        "lte_rsrp": null,
        "lte_rssi": null,
        "lte_sinr": null,
        "starlink_latency": null,
        "starlink_snr": null,
        "quality": "unknown"
      }
    },
    {
      "type": "Feature",
      "geometry": {
        "type": "Point",
        "coordinates": [
          127.21055187421872,
          34.61035857972376
        ]
      },
      "properties": {
        "timestamp": "1970-01-01 00:21:52.556225+00:00",
        "altitude": 65.07471466064453,
        "lte_rsrp": null,
        "lte_rssi": null,
        "lte_sinr": null,
        "starlink_latency": null,
        "starlink_snr": null,
        "quality": "unknown"
      }
    },
    {
      "type": "Feature",
      "geometry": {
        "type": "Point",
        "coordinates": [
          127.21055181521923,
          34.61035865262806
        ]
      },
      "properties": {
        "timestamp": "1970-01-01 00:21:52.748939+00:00",
        "altitude": 65.45063018798828,
        "lte_rsrp": null,
        "lte_rssi": null,
        "lte_sinr": null,
        "starlink_latency": null,
        "starlink_snr": null,
        "quality": "unknown"
      }
    },
    {
      "type": "Feature",
      "geometry": {
        "type": "Point",
        "coordinates": [
          127.2105517623963,
          34.61035865857057
        ]
      },
      "properties": {
        "timestamp": "1970-01-01 00:21:52.949104+00:00",
        "altitude": 65.84432983398438,
        "lte_rsrp": null,
        "lte_rssi": null,
        "lte_sinr": null,
        "starlink_latency": null,
        "starlink_snr": null,
        "quality": "unknown"
      }
    },
    {
      "type": "Feature",
      "geometry": {
        "type": "Point",
        "coordinates": [
          127.21055170247622,
          34.610358593334816
        ]
      },
      "properties": {
        "timestamp": "1970-01-01 00:21:53.149457+00:00",
        "altitude": 66.22438049316406,
        "lte_rsrp": null,
        "lte_rssi": null,
        "lte_sinr": null,
        "starlink_latency": null,
        "starlink_snr": null,
        "quality": "unknown"
      }
    },
    {
      "type": "Feature",
      "geometry": {
        "type": "Point",
        "coordinates": [
          127.21055164944521,
          34.61035846569786
        ]
      },
      "properties": {
        "timestamp": "1970-01-01 00:21:53.349373+00:00",
        "altitude": 66.60368347167969,
        "lte_rsrp": null,
        "lte_rssi": null,
        "lte_sinr": null,
        "starlink_latency": null,
        "starlink_snr": null,
        "quality": "unknown"
      }
    },
    {
      "type": "Feature",
      "geometry": {
        "type": "Point",
        "coordinates": [
          127.21055162408479,
          34.61035826843929
        ]
      },
      "properties": {
        "timestamp": "1970-01-01 00:21:53.549727+00:00",
        "altitude": 66.98046112060547,
        "lte_rsrp": null,
        "lte_rssi": null,
        "lte_sinr": null,
        "starlink_latency": null,
        "starlink_snr": null,
        "quality": "unknown"
      }
    },
    {
      "type": "Feature",
      "geometry": {
        "type": "Point",
        "coordinates": [
          127.21055159742244,
          34.61035798020981
        ]
      },
      "properties": {
        "timestamp": "1970-01-01 00:21:53.749724+00:00",
        "altitude": 67.35826110839844,
        "lte_rsrp": null,
        "lte_rssi": null,
        "lte_sinr": null,
        "starlink_latency": null,
        "starlink_snr": null,
        "quality": "unknown"
      }
    },
    {
      "type": "Feature",
      "geometry": {
        "type": "Point",
        "coordinates": [
          127.21055159723552,
          34.61035760842819
        ]
      },
      "properties": {
        "timestamp": "1970-01-01 00:21:53.950073+00:00",
        "altitude": 67.74385070800781,
        "lte_rsrp": null,
        "lte_rssi": null,
        "lte_sinr": null,
        "starlink_latency": null,
        "starlink_snr": null,
        "quality": "unknown"
      }
    },
    {
      "type": "Feature",
      "geometry": {
        "type": "Point",
        "coordinates": [
          127.21055158169598,
          34.61035715941534
        ]
      },
      "properties": {
        "timestamp": "1970-01-01 00:21:54.150089+00:00",
        "altitude": 68.12251281738281,
        "lte_rsrp": null,
        "lte_rssi": null,
        "lte_sinr": null,
        "starlink_latency": null,
        "starlink_snr": null,
        "quality": "unknown"
      }
    },
    {
      "type": "Feature",
      "geometry": {
        "type": "Point",
        "coordinates": [
          127.21055159901685,
          34.610356667960126
        ]
      },
      "properties": {
        "timestamp": "1970-01-01 00:21:54.350469+00:00",
        "altitude": 68.50517272949219,
        "lte_rsrp": null,
        "lte_rssi": null,
        "lte_sinr": null,
        "starlink_latency": null,
        "starlink_snr": null,
        "quality": "unknown"
      }
    },
    {
      "type": "Feature",
      "geometry": {
        "type": "Point",
        "coordinates": [
          127.21055164639824,
          34.61035614804453
        ]
      },
      "properties": {
        "timestamp": "1970-01-01 00:21:54.550437+00:00",
        "altitude": 68.89250946044922,
        "lte_rsrp": null,
        "lte_rssi": null,
        "lte_sinr": null,
        "starlink_latency": null,
        "starlink_snr": null,
        "quality": "unknown"
      }
    },
    {
      "type": "Feature",
      "geometry": {
        "type": "Point",
        "coordinates": [
          127.21055173009843,
          34.610355616736015
        ]
      },
      "properties": {
        "timestamp": "1970-01-01 00:21:54.750788+00:00",
        "altitude": 69.27803802490234,
        "lte_rsrp": null,
        "lte_rssi": null,
        "lte_sinr": null,
        "starlink_latency": null,
        "starlink_snr": null,
        "quality": "unknown"
      }
    },
    {
      "type": "Feature",
      "geometry": {
        "type": "Point",
        "coordinates": [
          127.21055184454428,
          34.61035511514005
        ]
      },
      "properties": {
        "timestamp": "1970-01-01 00:21:54.950922+00:00",
        "altitude": 69.66619110107422,
        "lte_rsrp": null,
        "lte_rssi": null,
        "lte_sinr": null,
        "starlink_latency": null,
        "starlink_snr": null,
        "quality": "unknown"
      }
    },
    {
      "type": "Feature",
      "geometry": {
        "type": "Point",
        "coordinates": [
          127.21055201991024,
          34.61035466121926
        ]
      },
      "properties": {
        "timestamp": "1970-01-01 00:21:55.151156+00:00",
        "altitude": 70.0488052368164,
        "lte_rsrp": null,
        "lte_rssi": null,
        "lte_sinr": null,
        "starlink_latency": null,
        "starlink_snr": null,
        "quality": "unknown"
      }
    },
    {
      "type": "Feature",
      "geometry": {
        "type": "Point",
        "coordinates": [
          127.21055224530086,
          34.61035431552335
        ]
      },
      "properties": {
        "timestamp": "1970-01-01 00:21:55.351130+00:00",
        "altitude": 70.42634582519531,
        "lte_rsrp": null,
        "lte_rssi": null,
        "lte_sinr": null,
        "starlink_latency": null,
        "starlink_snr": null,
        "quality": "unknown"
      }
    },
    {
      "type": "Feature",
      "geometry": {
        "type": "Point",
        "coordinates": [
          127.21055247831292,
          34.61035405990747
        ]
      },
      "properties": {
        "timestamp": "1970-01-01 00:21:55.551492+00:00",
        "altitude": 70.80645751953125,
        "lte_rsrp": null,
        "lte_rssi": null,
        "lte_sinr": null,
        "starlink_latency": null,
        "starlink_snr": null,
        "quality": "unknown"
      }
    },
    {
      "type": "Feature",
      "geometry": {
        "type": "Point",
        "coordinates": [
          127.21055268954797,
          34.61035387857458
        ]
      },
      "properties": {
        "timestamp": "1970-01-01 00:21:55.751468+00:00",
        "altitude": 71.18919372558594,
        "lte_rsrp": null,
        "lte_rssi": null,
        "lte_sinr": null,
        "starlink_latency": null,
        "starlink_snr": null,
        "quality": "unknown"
      }
    },
    {
      "type": "Feature",
      "geometry": {
        "type": "Point",
        "coordinates": [
          127.21055285899595,
          34.61035373444376
        ]
      },
      "properties": {
        "timestamp": "1970-01-01 00:21:55.951849+00:00",
        "altitude": 71.57483673095703,
        "lte_rsrp": null,
        "lte_rssi": null,
        "lte_sinr": null,
        "starlink_latency": null,
        "starlink_snr": null,
        "quality": "unknown"
      }
    },
    {
      "type": "Feature",
      "geometry": {
        "type": "Point",
        "coordinates": [
          127.21055299924117,
          34.61035363117079
        ]
      },
      "properties": {
        "timestamp": "1970-01-01 00:21:56.151833+00:00",
        "altitude": 71.96327209472656,
        "lte_rsrp": null,
        "lte_rssi": null,
        "lte_sinr": null,
        "starlink_latency": null,
        "starlink_snr": null,
        "quality": "unknown"
      }
    },
    {
      "type": "Feature",
      "geometry": {
        "type": "Point",
        "coordinates": [
          127.21055310676667,
          34.61035359954244
        ]
      },
      "properties": {
        "timestamp": "1970-01-01 00:21:56.352243+00:00",
        "altitude": 72.3520736694336,
        "lte_rsrp": null,
        "lte_rssi": null,
        "lte_sinr": null,
        "starlink_latency": null,
        "starlink_snr": null,
        "quality": "unknown"
      }
    },
    {
      "type": "Feature",
      "geometry": {
        "type": "Point",
        "coordinates": [
          127.2105531805305,
          34.61035368108981
        ]
      },
      "properties": {
        "timestamp": "1970-01-01 00:21:56.552264+00:00",
        "altitude": 72.73832702636719,
        "lte_rsrp": null,
        "lte_rssi": null,
        "lte_sinr": null,
        "starlink_latency": null,
        "starlink_snr": null,
        "quality": "unknown"
      }
    },
    {
      "type": "Feature",
      "geometry": {
        "type": "Point",
        "coordinates": [
          127.21055322856397,
          34.61035390681734
        ]
      },
      "properties": {
        "timestamp": "1970-01-01 00:21:56.752573+00:00",
        "altitude": 73.11711883544922,
        "lte_rsrp": null,
        "lte_rssi": null,
        "lte_sinr": null,
        "starlink_latency": null,
        "starlink_snr": null,
        "quality": "unknown"
      }
    },
    {
      "type": "Feature",
      "geometry": {
        "type": "Point",
        "coordinates": [
          127.21055323760555,
          34.61035424144836
        ]
      },
      "properties": {
        "timestamp": "1970-01-01 00:21:56.952595+00:00",
        "altitude": 73.49443054199219,
        "lte_rsrp": null,
        "lte_rssi": null,
        "lte_sinr": null,
        "starlink_latency": null,
        "starlink_snr": null,
        "quality": "unknown"
      }
    },
    {
      "type": "Feature",
      "geometry": {
        "type": "Point",
        "coordinates": [
          127.21055322087639,
          34.610354614019045
        ]
      },
      "properties": {
        "timestamp": "1970-01-01 00:21:57.152955+00:00",
        "altitude": 73.87396240234375,
        "lte_rsrp": null,
        "lte_rssi": null,
        "lte_sinr": null,
        "starlink_latency": null,
        "starlink_snr": null,
        "quality": "unknown"
      }
    },
    {
      "type": "Feature",
      "geometry": {
        "type": "Point",
        "coordinates": [
          127.21055317707305,
          34.61035500910223
        ]
      },
      "properties": {
        "timestamp": "1970-01-01 00:21:57.352973+00:00",
        "altitude": 74.2541732788086,
        "lte_rsrp": null,
        "lte_rssi": null,
        "lte_sinr": null,
        "starlink_latency": null,
        "starlink_snr": null,
        "quality": "unknown"
      }
    },
    {
      "type": "Feature",
      "geometry": {
        "type": "Point",
        "coordinates": [
          127.21055309756852,
          34.6103554506084
        ]
      },
      "properties": {
        "timestamp": "1970-01-01 00:21:57.553322+00:00",
        "altitude": 74.63400268554688,
        "lte_rsrp": null,
        "lte_rssi": null,
        "lte_sinr": null,
        "starlink_latency": null,
        "starlink_snr": null,
        "quality": "unknown"
      }
    },
    {
      "type": "Feature",
      "geometry": {
        "type": "Point",
        "coordinates": [
          127.21055301730054,
          34.610355948494984
        ]
      },
      "properties": {
        "timestamp": "1970-01-01 00:21:57.753268+00:00",
        "altitude": 75.00572204589844,
        "lte_rsrp": null,
        "lte_rssi": null,
        "lte_sinr": null,
        "starlink_latency": null,
        "starlink_snr": null,
        "quality": "unknown"
      }
    },
    {
      "type": "Feature",
      "geometry": {
        "type": "Point",
        "coordinates": [
          127.21055293054057,
          34.610356454141254
        ]
      },
      "properties": {
        "timestamp": "1970-01-01 00:21:57.953623+00:00",
        "altitude": 75.37690734863281,
        "lte_rsrp": null,
        "lte_rssi": null,
        "lte_sinr": null,
        "starlink_latency": null,
        "starlink_snr": null,
        "quality": "unknown"
      }
    },
    {
      "type": "Feature",
      "geometry": {
        "type": "Point",
        "coordinates": [
          127.21055282973155,
          34.61035690499806
        ]
      },
      "properties": {
        "timestamp": "1970-01-01 00:21:58.153620+00:00",
        "altitude": 75.74897766113281,
        "lte_rsrp": null,
        "lte_rssi": null,
        "lte_sinr": null,
        "starlink_latency": null,
        "starlink_snr": null,
        "quality": "unknown"
      }
    },
    {
      "type": "Feature",
      "geometry": {
        "type": "Point",
        "coordinates": [
          127.21055272264176,
          34.610357306315365
        ]
      },
      "properties": {
        "timestamp": "1970-01-01 00:21:58.353948+00:00",
        "altitude": 76.12384033203125,
        "lte_rsrp": null,
        "lte_rssi": null,
        "lte_sinr": null,
        "starlink_latency": null,
        "starlink_snr": null,
        "quality": "unknown"
      }
    },
    {
      "type": "Feature",
      "geometry": {
        "type": "Point",
        "coordinates": [
          127.21055263017678,
          34.61035766822104
        ]
      },
      "properties": {
        "timestamp": "1970-01-01 00:21:58.553953+00:00",
        "altitude": 76.50069427490234,
        "lte_rsrp": null,
        "lte_rssi": null,
        "lte_sinr": null,
        "starlink_latency": null,
        "starlink_snr": null,
        "quality": "unknown"
      }
    },
    {
      "type": "Feature",
      "geometry": {
        "type": "Point",
        "coordinates": [
          127.21055257291593,
          34.61035800839791
        ]
      },
      "properties": {
        "timestamp": "1970-01-01 00:21:58.754292+00:00",
        "altitude": 76.87371826171875,
        "lte_rsrp": null,
        "lte_rssi": null,
        "lte_sinr": null,
        "starlink_latency": null,
        "starlink_snr": null,
        "quality": "unknown"
      }
    },
    {
      "type": "Feature",
      "geometry": {
        "type": "Point",
        "coordinates": [
          127.2105524947586,
          34.61035825852263
        ]
      },
      "properties": {
        "timestamp": "1970-01-01 00:21:58.954287+00:00",
        "altitude": 77.25115203857422,
        "lte_rsrp": null,
        "lte_rssi": null,
        "lte_sinr": null,
        "starlink_latency": null,
        "starlink_snr": null,
        "quality": "unknown"
      }
    },
    {
      "type": "Feature",
      "geometry": {
        "type": "Point",
        "coordinates": [
          127.21055240866494,
          34.610358429592544
        ]
      },
      "properties": {
        "timestamp": "1970-01-01 00:21:59.154639+00:00",
        "altitude": 77.63258361816406,
        "lte_rsrp": null,
        "lte_rssi": null,
        "lte_sinr": null,
        "starlink_latency": null,
        "starlink_snr": null,
        "quality": "unknown"
      }
    },
    {
      "type": "Feature",
      "geometry": {
        "type": "Point",
        "coordinates": [
          127.2105523212641,
          34.61035853131423
        ]
      },
      "properties": {
        "timestamp": "1970-01-01 00:21:59.354653+00:00",
        "altitude": 78.01709747314453,
        "lte_rsrp": null,
        "lte_rssi": null,
        "lte_sinr": null,
        "starlink_latency": null,
        "starlink_snr": null,
        "quality": "unknown"
      }
    },
    {
      "type": "Feature",
      "geometry": {
        "type": "Point",
        "coordinates": [
          127.21055223694198,
          34.61035858384804
        ]
      },
      "properties": {
        "timestamp": "1970-01-01 00:21:59.554996+00:00",
        "altitude": 78.40087127685547,
        "lte_rsrp": null,
        "lte_rssi": null,
        "lte_sinr": null,
        "starlink_latency": null,
        "starlink_snr": null,
        "quality": "unknown"
      }
    },
    {
      "type": "Feature",
      "geometry": {
        "type": "Point",
        "coordinates": [
          127.21055215351471,
          34.61035860679901
        ]
      },
      "properties": {
        "timestamp": "1970-01-01 00:21:59.755045+00:00",
        "altitude": 78.77830505371094,
        "lte_rsrp": null,
        "lte_rssi": null,
        "lte_sinr": null,
        "starlink_latency": null,
        "starlink_snr": null,
        "quality": "unknown"
      }
    },
    {
      "type": "Feature",
      "geometry": {
        "type": "Point",
        "coordinates": [
          127.21055205460944,
          34.610358580764746
        ]
      },
      "properties": {
        "timestamp": "1970-01-01 00:21:59.955382+00:00",
        "altitude": 79.15992736816406,
        "lte_rsrp": null,
        "lte_rssi": null,
        "lte_sinr": null,
        "starlink_latency": null,
        "starlink_snr": null,
        "quality": "unknown"
      }
    },
    {
      "type": "Feature",
      "geometry": {
        "type": "Point",
        "coordinates": [
          127.21055196238805,
          34.61035851123104
        ]
      },
      "properties": {
        "timestamp": "1970-01-01 00:22:00.155363+00:00",
        "altitude": 79.54554748535156,
        "lte_rsrp": null,
        "lte_rssi": null,
        "lte_sinr": null,
        "starlink_latency": null,
        "starlink_snr": null,
        "quality": "unknown"
      }
    },
    {
      "type": "Feature",
      "geometry": {
        "type": "Point",
        "coordinates": [
          127.21055188809976,
          34.61035836548245
        ]
      },
      "properties": {
        "timestamp": "1970-01-01 00:22:00.355697+00:00",
        "altitude": 79.93611907958984,
        "lte_rsrp": null,
        "lte_rssi": null,
        "lte_sinr": null,
        "starlink_latency": null,
        "starlink_snr": null,
        "quality": "unknown"
      }
    },
    {
      "type": "Feature",
      "geometry": {
        "type": "Point",
        "coordinates": [
          127.210551814835,
          34.61035816515239
        ]
      },
      "properties": {
        "timestamp": "1970-01-01 00:22:00.555695+00:00",
        "altitude": 80.32472229003906,
        "lte_rsrp": null,
        "lte_rssi": null,
        "lte_sinr": null,
        "starlink_latency": null,
        "starlink_snr": null,
        "quality": "unknown"
      }
    },
    {
      "type": "Feature",
      "geometry": {
        "type": "Point",
        "coordinates": [
          127.21055173752862,
          34.61035793587952
        ]
      },
      "properties": {
        "timestamp": "1970-01-01 00:22:00.745877+00:00",
        "altitude": 80.69013214111328,
        "lte_rsrp": null,
        "lte_rssi": null,
        "lte_sinr": null,
        "starlink_latency": null,
        "starlink_snr": null,
        "quality": "unknown"
      }
    },
    {
      "type": "Feature",
      "geometry": {
        "type": "Point",
        "coordinates": [
          127.21055165053812,
          34.61035761125417
        ]
      },
      "properties": {
        "timestamp": "1970-01-01 00:22:00.956058+00:00",
        "altitude": 81.09703826904297,
        "lte_rsrp": null,
        "lte_rssi": null,
        "lte_sinr": null,
        "starlink_latency": null,
        "starlink_snr": null,
        "quality": "unknown"
      }
    },
    {
      "type": "Feature",
      "geometry": {
        "type": "Point",
        "coordinates": [
          127.21055157750783,
          34.610357259914856
        ]
      },
      "properties": {
        "timestamp": "1970-01-01 00:22:01.156405+00:00",
        "altitude": 81.46759796142578,
        "lte_rsrp": null,
        "lte_rssi": null,
        "lte_sinr": null,
        "starlink_latency": null,
        "starlink_snr": null,
        "quality": "unknown"
      }
    },
    {
      "type": "Feature",
      "geometry": {
        "type": "Point",
        "coordinates": [
          127.21055151211362,
          34.61035686354303
        ]
      },
      "properties": {
        "timestamp": "1970-01-01 00:22:01.356481+00:00",
        "altitude": 81.82636260986328,
        "lte_rsrp": null,
        "lte_rssi": null,
        "lte_sinr": null,
        "starlink_latency": null,
        "starlink_snr": null,
        "quality": "unknown"
      }
    },
    {
      "type": "Feature",
      "geometry": {
        "type": "Point",
        "coordinates": [
          127.21055145401621,
          34.61035648714825
        ]
      },
      "properties": {
        "timestamp": "1970-01-01 00:22:01.551652+00:00",
        "altitude": 82.16340637207031,
        "lte_rsrp": null,
        "lte_rssi": null,
        "lte_sinr": null,
        "starlink_latency": null,
        "starlink_snr": null,
        "quality": "unknown"
      }
    },
    {
      "type": "Feature",
      "geometry": {
        "type": "Point",
        "coordinates": [
          127.2105514035106,
          34.610356104087316
        ]
      },
      "properties": {
        "timestamp": "1970-01-01 00:22:01.751876+00:00",
        "altitude": 82.5172119140625,
        "lte_rsrp": null,
        "lte_rssi": null,
        "lte_sinr": null,
        "starlink_latency": null,
        "starlink_snr": null,
        "quality": "unknown"
      }
    },
    {
      "type": "Feature",
      "geometry": {
        "type": "Point",
        "coordinates": [
          127.2105513666503,
          34.610355732373215
        ]
      },
      "properties": {
        "timestamp": "1970-01-01 00:22:01.952061+00:00",
        "altitude": 82.87460327148438,
        "lte_rsrp": null,
        "lte_rssi": null,
        "lte_sinr": null,
        "starlink_latency": null,
        "starlink_snr": null,
        "quality": "unknown"
      }
    },
    {
      "type": "Feature",
      "geometry": {
        "type": "Point",
        "coordinates": [
          127.21055133552787,
          34.610355384407725
        ]
      },
      "properties": {
        "timestamp": "1970-01-01 00:22:02.152231+00:00",
        "altitude": 83.24070739746094,
        "lte_rsrp": null,
        "lte_rssi": null,
        "lte_sinr": null,
        "starlink_latency": null,
        "starlink_snr": null,
        "quality": "unknown"
      }
    },
    {
      "type": "Feature",
      "geometry": {
        "type": "Point",
        "coordinates": [
          127.21055131505932,
          34.61035508284913
        ]
      },
      "properties": {
        "timestamp": "1970-01-01 00:22:02.352411+00:00",
        "altitude": 83.61479187011719,
        "lte_rsrp": null,
        "lte_rssi": null,
        "lte_sinr": null,
        "starlink_latency": null,
        "starlink_snr": null,
        "quality": "unknown"
      }
    },
    {
      "type": "Feature",
      "geometry": {
        "type": "Point",
        "coordinates": [
          127.21055132851475,
          34.610354886284206
        ]
      },
      "properties": {
        "timestamp": "1970-01-01 00:22:02.552581+00:00",
        "altitude": 83.98493194580078,
        "lte_rsrp": null,
        "lte_rssi": null,
        "lte_sinr": null,
        "starlink_latency": null,
        "starlink_snr": null,
        "quality": "unknown"
      }
    },
    {
      "type": "Feature",
      "geometry": {
        "type": "Point",
        "coordinates": [
          127.21055136828735,
          34.61035477407334
        ]
      },
      "properties": {
        "timestamp": "1970-01-01 00:22:02.752711+00:00",
        "altitude": 84.35220336914062,
        "lte_rsrp": null,
        "lte_rssi": null,
        "lte_sinr": null,
        "starlink_latency": null,
        "starlink_snr": null,
        "quality": "unknown"
      }
    },
    {
      "type": "Feature",
      "geometry": {
        "type": "Point",
        "coordinates": [
          127.21055141788216,
          34.61035470843555
        ]
      },
      "properties": {
        "timestamp": "1970-01-01 00:22:02.952792+00:00",
        "altitude": 84.7227554321289,
        "lte_rsrp": null,
        "lte_rssi": null,
        "lte_sinr": null,
        "starlink_latency": null,
        "starlink_snr": null,
        "quality": "unknown"
      }
    },
    {
      "type": "Feature",
      "geometry": {
        "type": "Point",
        "coordinates": [
          127.21055146641078,
          34.61035466802691
        ]
      },
      "properties": {
        "timestamp": "1970-01-01 00:22:03.152984+00:00",
        "altitude": 85.10139465332031,
        "lte_rsrp": null,
        "lte_rssi": null,
        "lte_sinr": null,
        "starlink_latency": null,
        "starlink_snr": null,
        "quality": "unknown"
      }
    },
    {
      "type": "Feature",
      "geometry": {
        "type": "Point",
        "coordinates": [
          127.21055150905883,
          34.61035464267127
        ]
      },
      "properties": {
        "timestamp": "1970-01-01 00:22:03.353170+00:00",
        "altitude": 85.48248291015625,
        "lte_rsrp": null,
        "lte_rssi": null,
        "lte_sinr": null,
        "starlink_latency": null,
        "starlink_snr": null,
        "quality": "unknown"
      }
    },
    {
      "type": "Feature",
      "geometry": {
        "type": "Point",
        "coordinates": [
          127.21055154977128,
          34.61035465246039
        ]
      },
      "properties": {
        "timestamp": "1970-01-01 00:22:03.553332+00:00",
        "altitude": 85.86128997802734,
        "lte_rsrp": null,
        "lte_rssi": null,
        "lte_sinr": null,
        "starlink_latency": null,
        "starlink_snr": null,
        "quality": "unknown"
      }
    },
    {
      "type": "Feature",
      "geometry": {
        "type": "Point",
        "coordinates": [
          127.2105516027681,
          34.610354699364734
        ]
      },
      "properties": {
        "timestamp": "1970-01-01 00:22:03.753506+00:00",
        "altitude": 86.2415542602539,
        "lte_rsrp": null,
        "lte_rssi": null,
        "lte_sinr": null,
        "starlink_latency": null,
        "starlink_snr": null,
        "quality": "unknown"
      }
    },
    {
      "type": "Feature",
      "geometry": {
        "type": "Point",
        "coordinates": [
          127.21055160426965,
          34.610354749689
        ]
      },
      "properties": {
        "timestamp": "1970-01-01 00:22:03.953692+00:00",
        "altitude": 86.5466537475586,
        "lte_rsrp": null,
        "lte_rssi": null,
        "lte_sinr": null,
        "starlink_latency": null,
        "starlink_snr": null,
        "quality": "unknown"
      }
    },
    {
      "type": "Feature",
      "geometry": {
        "type": "Point",
        "coordinates": [
          127.21055161806275,
          34.61035480677484
        ]
      },
      "properties": {
        "timestamp": "1970-01-01 00:22:04.153875+00:00",
        "altitude": 86.79666137695312,
        "lte_rsrp": null,
        "lte_rssi": null,
        "lte_sinr": null,
        "starlink_latency": null,
        "starlink_snr": null,
        "quality": "unknown"
      }
    },
    {
      "type": "Feature",
      "geometry": {
        "type": "Point",
        "coordinates": [
          127.2105516551908,
          34.61035488625741
        ]
      },
      "properties": {
        "timestamp": "1970-01-01 00:22:04.354058+00:00",
        "altitude": 87.00664520263672,
        "lte_rsrp": null,
        "lte_rssi": null,
        "lte_sinr": null,
        "starlink_latency": null,
        "starlink_snr": null,
        "quality": "unknown"
      }
    },
    {
      "type": "Feature",
      "geometry": {
        "type": "Point",
        "coordinates": [
          127.21055171130145,
          34.610354958133605
        ]
      },
      "properties": {
        "timestamp": "1970-01-01 00:22:04.554218+00:00",
        "altitude": 87.18817138671875,
        "lte_rsrp": null,
        "lte_rssi": null,
        "lte_sinr": null,
        "starlink_latency": null,
        "starlink_snr": null,
        "quality": "unknown"
      }
    },
    {
      "type": "Feature",
      "geometry": {
        "type": "Point",
        "coordinates": [
          127.21055176988995,
          34.610354984978365
        ]
      },
      "properties": {
        "timestamp": "1970-01-01 00:22:04.754380+00:00",
        "altitude": 87.34310913085938,
        "lte_rsrp": null,
        "lte_rssi": null,
        "lte_sinr": null,
        "starlink_latency": null,
        "starlink_snr": null,
        "quality": "unknown"
      }
    },
    {
      "type": "Feature",
      "geometry": {
        "type": "Point",
        "coordinates": [
          127.21055185221165,
          34.610354977845844
        ]
      },
      "properties": {
        "timestamp": "1970-01-01 00:22:04.954668+00:00",
        "altitude": 87.4820327758789,
        "lte_rsrp": null,
        "lte_rssi": null,
        "lte_sinr": null,
        "starlink_latency": null,
        "starlink_snr": null,
        "quality": "unknown"
      }
    },
    {
      "type": "Feature",
      "geometry": {
        "type": "Point",
        "coordinates": [
          127.21055195658519,
          34.610354927932185
        ]
      },
      "properties": {
        "timestamp": "1970-01-01 00:22:05.154769+00:00",
        "altitude": 87.6009750366211,
        "lte_rsrp": null,
        "lte_rssi": null,
        "lte_sinr": null,
        "starlink_latency": null,
        "starlink_snr": null,
        "quality": "unknown"
      }
    },
    {
      "type": "Feature",
      "geometry": {
        "type": "Point",
        "coordinates": [
          127.2105521122889,
          34.61035480141986
        ]
      },
      "properties": {
        "timestamp": "1970-01-01 00:22:05.354960+00:00",
        "altitude": 87.71076965332031,
        "lte_rsrp": null,
        "lte_rssi": null,
        "lte_sinr": null,
        "starlink_latency": null,
        "starlink_snr": null,
        "quality": "unknown"
      }
    },
    {
      "type": "Feature",
      "geometry": {
        "type": "Point",
        "coordinates": [
          127.21055234513943,
          34.610354477829055
        ]
      },
      "properties": {
        "timestamp": "1970-01-01 00:22:05.555092+00:00",
        "altitude": 87.77803802490234,
        "lte_rsrp": null,
        "lte_rssi": null,
        "lte_sinr": null,
        "starlink_latency": null,
        "starlink_snr": null,
        "quality": "unknown"
      }
    },
    {
      "type": "Feature",
      "geometry": {
        "type": "Point",
        "coordinates": [
          127.21055266147033,
          34.61035405093206
        ]
      },
      "properties": {
        "timestamp": "1970-01-01 00:22:05.755251+00:00",
        "altitude": 87.81709289550781,
        "lte_rsrp": null,
        "lte_rssi": null,
        "lte_sinr": null,
        "starlink_latency": null,
        "starlink_snr": null,
        "quality": "unknown"
      }
    },
    {
      "type": "Feature",
      "geometry": {
        "type": "Point",
        "coordinates": [
          127.2105530538721,
          34.61035357769141
        ]
      },
      "properties": {
        "timestamp": "1970-01-01 00:22:05.955570+00:00",
        "altitude": 87.85176086425781,
        "lte_rsrp": null,
        "lte_rssi": null,
        "lte_sinr": null,
        "starlink_latency": null,
        "starlink_snr": null,
        "quality": "unknown"
      }
    },
    {
      "type": "Feature",
      "geometry": {
        "type": "Point",
        "coordinates": [
          127.21055349169515,
          34.61035307327374
        ]
      },
      "properties": {
        "timestamp": "1970-01-01 00:22:06.155618+00:00",
        "altitude": 87.8697280883789,
        "lte_rsrp": null,
        "lte_rssi": null,
        "lte_sinr": null,
        "starlink_latency": null,
        "starlink_snr": null,
        "quality": "unknown"
      }
    },
    {
      "type": "Feature",
      "geometry": {
        "type": "Point",
        "coordinates": [
          127.21055390463744,
          34.61035256211487
        ]
      },
      "properties": {
        "timestamp": "1970-01-01 00:22:06.345825+00:00",
        "altitude": 87.87596893310547,
        "lte_rsrp": null,
        "lte_rssi": null,
        "lte_sinr": null,
        "starlink_latency": null,
        "starlink_snr": null,
        "quality": "unknown"
      }
    },
    {
      "type": "Feature",
      "geometry": {
        "type": "Point",
        "coordinates": [
          127.21055436490477,
          34.61035196493915
        ]
      },
      "properties": {
        "timestamp": "1970-01-01 00:22:06.555999+00:00",
        "altitude": 87.87615203857422,
        "lte_rsrp": null,
        "lte_rssi": null,
        "lte_sinr": null,
        "starlink_latency": null,
        "starlink_snr": null,
        "quality": "unknown"
      }
    },
    {
      "type": "Feature",
      "geometry": {
        "type": "Point",
        "coordinates": [
          127.21055483931889,
          34.61035137835552
        ]
      },
      "properties": {
        "timestamp": "1970-01-01 00:22:06.756396+00:00",
        "altitude": 87.8763198852539,
        "lte_rsrp": null,
        "lte_rssi": null,
        "lte_sinr": null,
        "starlink_latency": null,
        "starlink_snr": null,
        "quality": "unknown"
      }
    },
    {
      "type": "Feature",
      "geometry": {
        "type": "Point",
        "coordinates": [
          127.21055538313985,
          34.61035083907183
        ]
      },
      "properties": {
        "timestamp": "1970-01-01 00:22:06.956510+00:00",
        "altitude": 87.88289642333984,
        "lte_rsrp": null,
        "lte_rssi": null,
        "lte_sinr": null,
        "starlink_latency": null,
        "starlink_snr": null,
        "quality": "unknown"
      }
    },
    {
      "type": "Feature",
      "geometry": {
        "type": "Point",
        "coordinates": [
          127.21055590572026,
          34.61035040396433
        ]
      },
      "properties": {
        "timestamp": "1970-01-01 00:22:07.156571+00:00",
        "altitude": 87.88643646240234,
        "lte_rsrp": null,
        "lte_rssi": null,
        "lte_sinr": null,
        "starlink_latency": null,
        "starlink_snr": null,
        "quality": "unknown"
      }
    },
    {
      "type": "Feature",
      "geometry": {
        "type": "Point",
        "coordinates": [
          127.21055634562812,
          34.61035010477182
        ]
      },
      "properties": {
        "timestamp": "1970-01-01 00:22:07.356788+00:00",
        "altitude": 87.92167663574219,
        "lte_rsrp": null,
        "lte_rssi": null,
        "lte_sinr": null,
        "starlink_latency": null,
        "starlink_snr": null,
        "quality": "unknown"
      }
    },
    {
      "type": "Feature",
      "geometry": {
        "type": "Point",
        "coordinates": [
          127.21055662779186,
          34.610349876379125
        ]
      },
      "properties": {
        "timestamp": "1970-01-01 00:22:07.546899+00:00",
        "altitude": 87.97826385498047,
        "lte_rsrp": null,
        "lte_rssi": null,
        "lte_sinr": null,
        "starlink_latency": null,
        "starlink_snr": null,
        "quality": "unknown"
      }
    },
    {
      "type": "Feature",
      "geometry": {
        "type": "Point",
        "coordinates": [
          127.21055678861968,
          34.61034960333666
        ]
      },
      "properties": {
        "timestamp": "1970-01-01 00:22:07.747061+00:00",
        "altitude": 88.00345611572266,
        "lte_rsrp": null,
        "lte_rssi": null,
        "lte_sinr": null,
        "starlink_latency": null,
        "starlink_snr": null,
        "quality": "unknown"
      }
    },
    {
      "type": "Feature",
      "geometry": {
        "type": "Point",
        "coordinates": [
          127.21055717597217,
          34.610349193966464
        ]
      },
      "properties": {
        "timestamp": "1970-01-01 00:22:07.957398+00:00",
        "altitude": 88.02884674072266,
        "lte_rsrp": null,
        "lte_rssi": null,
        "lte_sinr": null,
        "starlink_latency": null,
        "starlink_snr": null,
        "quality": "unknown"
      }
    },
    {
      "type": "Feature",
      "geometry": {
        "type": "Point",
        "coordinates": [
          127.21055777002707,
          34.610348727642275
        ]
      },
      "properties": {
        "timestamp": "1970-01-01 00:22:08.157472+00:00",
        "altitude": 88.03743743896484,
        "lte_rsrp": null,
        "lte_rssi": null,
        "lte_sinr": null,
        "starlink_latency": null,
        "starlink_snr": null,
        "quality": "unknown"
      }
    },
    {
      "type": "Feature",
      "geometry": {
        "type": "Point",
        "coordinates": [
          127.21055869378439,
          34.61034837745221
        ]
      },
      "properties": {
        "timestamp": "1970-01-01 00:22:08.357554+00:00",
        "altitude": 88.03556060791016,
        "lte_rsrp": null,
        "lte_rssi": null,
        "lte_sinr": null,
        "starlink_latency": null,
        "starlink_snr": null,
        "quality": "unknown"
      }
    },
    {
      "type": "Feature",
      "geometry": {
        "type": "Point",
        "coordinates": [
          127.21056001465602,
          34.610348411337775
        ]
      },
      "properties": {
        "timestamp": "1970-01-01 00:22:08.547758+00:00",
        "altitude": 88.02994537353516,
        "lte_rsrp": null,
        "lte_rssi": null,
        "lte_sinr": null,
        "starlink_latency": null,
        "starlink_snr": null,
        "quality": "unknown"
      }
    },
    {
      "type": "Feature",
      "geometry": {
        "type": "Point",
        "coordinates": [
          127.21056162666876,
          34.61034913767221
        ]
      },
      "properties": {
        "timestamp": "1970-01-01 00:22:08.747936+00:00",
        "altitude": 88.0157470703125,
        "lte_rsrp": null,
        "lte_rssi": null,
        "lte_sinr": null,
        "starlink_latency": null,
        "starlink_snr": null,
        "quality": "unknown"
      }
    },
    {
      "type": "Feature",
      "geometry": {
        "type": "Point",
        "coordinates": [
          127.21056357208066,
          34.610350909857466
        ]
      },
      "properties": {
        "timestamp": "1970-01-01 00:22:08.948113+00:00",
        "altitude": 87.9899673461914,
        "lte_rsrp": null,
        "lte_rssi": null,
        "lte_sinr": null,
        "starlink_latency": null,
        "starlink_snr": null,
        "quality": "unknown"
      }
    },
    {
      "type": "Feature",
      "geometry": {
        "type": "Point",
        "coordinates": [
          127.21056504137881,
          34.61035397822793
        ]
      },
      "properties": {
        "timestamp": "1970-01-01 00:22:09.148303+00:00",
        "altitude": 87.95680236816406,
        "lte_rsrp": null,
        "lte_rssi": null,
        "lte_sinr": null,
        "starlink_latency": null,
        "starlink_snr": null,
        "quality": "unknown"
      }
    },
    {
      "type": "Feature",
      "geometry": {
        "type": "Point",
        "coordinates": [
          127.21056635785624,
          34.61035885157797
        ]
      },
      "properties": {
        "timestamp": "1970-01-01 00:22:09.358496+00:00",
        "altitude": 87.92948150634766,
        "lte_rsrp": null,
        "lte_rssi": null,
        "lte_sinr": null,
        "starlink_latency": null,
        "starlink_snr": null,
        "quality": "unknown"
      }
    },
    {
      "type": "Feature",
      "geometry": {
        "type": "Point",
        "coordinates": [
          127.21056705658353,
          34.610364763946606
        ]
      },
      "properties": {
        "timestamp": "1970-01-01 00:22:09.548632+00:00",
        "altitude": 87.9264907836914,
        "lte_rsrp": null,
        "lte_rssi": null,
        "lte_sinr": null,
        "starlink_latency": null,
        "starlink_snr": null,
        "quality": "unknown"
      }
    },
    {
      "type": "Feature",
      "geometry": {
        "type": "Point",
        "coordinates": [
          127.21056705736223,
          34.61037254340664
        ]
      },
      "properties": {
        "timestamp": "1970-01-01 00:22:09.748822+00:00",
        "altitude": 87.9455795288086,
        "lte_rsrp": null,
        "lte_rssi": null,
        "lte_sinr": null,
        "starlink_latency": null,
        "starlink_snr": null,
        "quality": "unknown"
      }
    },
    {
      "type": "Feature",
      "geometry": {
        "type": "Point",
        "coordinates": [
          127.21056588168186,
          34.610381896749914
        ]
      },
      "properties": {
        "timestamp": "1970-01-01 00:22:09.948947+00:00",
        "altitude": 87.98566436767578,
        "lte_rsrp": null,
        "lte_rssi": null,
        "lte_sinr": null,
        "starlink_latency": null,
        "starlink_snr": null,
        "quality": "unknown"
      }
    },
    {
      "type": "Feature",
      "geometry": {
        "type": "Point",
        "coordinates": [
          127.21056283820153,
          34.61039265707581
        ]
      },
      "properties": {
        "timestamp": "1970-01-01 00:22:10.149127+00:00",
        "altitude": 88.05264282226562,
        "lte_rsrp": null,
        "lte_rssi": null,
        "lte_sinr": null,
        "starlink_latency": null,
        "starlink_snr": null,
        "quality": "unknown"
      }
    },
    {
      "type": "Feature",
      "geometry": {
        "type": "Point",
        "coordinates": [
          127.21055885330411,
          34.61040468194831
        ]
      },
      "properties": {
        "timestamp": "1970-01-01 00:22:10.349338+00:00",
        "altitude": 88.16402435302734,
        "lte_rsrp": null,
        "lte_rssi": null,
        "lte_sinr": null,
        "starlink_latency": null,
        "starlink_snr": null,
        "quality": "unknown"
      }
    },
    {
      "type": "Feature",
      "geometry": {
        "type": "Point",
        "coordinates": [
          127.2105543168162,
          34.610417928064074
        ]
      },
      "properties": {
        "timestamp": "1970-01-01 00:22:10.549540+00:00",
        "altitude": 88.33853912353516,
        "lte_rsrp": null,
        "lte_rssi": null,
        "lte_sinr": null,
        "starlink_latency": null,
        "starlink_snr": null,
        "quality": "unknown"
      }
    },
    {
      "type": "Feature",
      "geometry": {
        "type": "Point",
        "coordinates": [
          127.21054960674876,
          34.61043241088667
        ]
      },
      "properties": {
        "timestamp": "1970-01-01 00:22:10.749690+00:00",
        "altitude": 88.57073974609375,
        "lte_rsrp": null,
        "lte_rssi": null,
        "lte_sinr": null,
        "starlink_latency": null,
        "starlink_snr": null,
        "quality": "unknown"
      }
    },
    {
      "type": "Feature",
      "geometry": {
        "type": "Point",
        "coordinates": [
          127.21054475290443,
          34.610448091894284
        ]
      },
      "properties": {
        "timestamp": "1970-01-01 00:22:10.949913+00:00",
        "altitude": 88.8563232421875,
        "lte_rsrp": null,
        "lte_rssi": null,
        "lte_sinr": null,
        "starlink_latency": null,
        "starlink_snr": null,
        "quality": "unknown"
      }
    },
    {
      "type": "Feature",
      "geometry": {
        "type": "Point",
        "coordinates": [
          127.21053921608554,
          34.61046473761464
        ]
      },
      "properties": {
        "timestamp": "1970-01-01 00:22:11.152594+00:00",
        "altitude": 89.14217376708984,
        "lte_rsrp": null,
        "lte_rssi": null,
        "lte_sinr": null,
        "starlink_latency": null,
        "starlink_snr": null,
        "quality": "unknown"
      }
    },
    {
      "type": "Feature",
      "geometry": {
        "type": "Point",
        "coordinates": [
          127.2105330412628,
          34.61048230181121
        ]
      },
      "properties": {
        "timestamp": "1970-01-01 00:22:11.355296+00:00",
        "altitude": 89.3864517211914,
        "lte_rsrp": null,
        "lte_rssi": null,
        "lte_sinr": null,
        "starlink_latency": null,
        "starlink_snr": null,
        "quality": "unknown"
      }
    },
    {
      "type": "Feature",
      "geometry": {
        "type": "Point",
        "coordinates": [
          127.21052577539436,
          34.61050046532281
        ]
      },
      "properties": {
        "timestamp": "1970-01-01 00:22:11.555431+00:00",
        "altitude": 89.48631286621094,
        "lte_rsrp": null,
        "lte_rssi": null,
        "lte_sinr": null,
        "starlink_latency": null,
        "starlink_snr": null,
        "quality": "unknown"
      }
    },
    {
      "type": "Feature",
      "geometry": {
        "type": "Point",
        "coordinates": [
          127.2105175717267,
          34.610519260800395
        ]
      },
      "properties": {
        "timestamp": "1970-01-01 00:22:11.755618+00:00",
        "altitude": 89.4153060913086,
        "lte_rsrp": null,
        "lte_rssi": null,
        "lte_sinr": null,
        "starlink_latency": null,
        "starlink_snr": null,
        "quality": "unknown"
      }
    },
    {
      "type": "Feature",
      "geometry": {
        "type": "Point",
        "coordinates": [
          127.21050850279758,
          34.610538935464284
        ]
      },
      "properties": {
        "timestamp": "1970-01-01 00:22:11.955801+00:00",
        "altitude": 89.36882019042969,
        "lte_rsrp": null,
        "lte_rssi": null,
        "lte_sinr": null,
        "starlink_latency": null,
        "starlink_snr": null,
        "quality": "unknown"
      }
    },
    {
      "type": "Feature",
      "geometry": {
        "type": "Point",
        "coordinates": [
          127.21049927450665,
          34.610560002503995
        ]
      },
      "properties": {
        "timestamp": "1970-01-01 00:22:12.156002+00:00",
        "altitude": 89.43922424316406,
        "lte_rsrp": null,
        "lte_rssi": null,
        "lte_sinr": null,
        "starlink_latency": null,
        "starlink_snr": null,
        "quality": "unknown"
      }
    },
    {
      "type": "Feature",
      "geometry": {
        "type": "Point",
        "coordinates": [
          127.2104903127357,
          34.61058288544935
        ]
      },
      "properties": {
        "timestamp": "1970-01-01 00:22:12.356263+00:00",
        "altitude": 89.53070068359375,
        "lte_rsrp": null,
        "lte_rssi": null,
        "lte_sinr": null,
        "starlink_latency": null,
        "starlink_snr": null,
        "quality": "unknown"
      }
    },
    {
      "type": "Feature",
      "geometry": {
        "type": "Point",
        "coordinates": [
          127.21048182977043,
          34.61060780662313
        ]
      },
      "properties": {
        "timestamp": "1970-01-01 00:22:12.556372+00:00",
        "altitude": 89.62469482421875,
        "lte_rsrp": null,
        "lte_rssi": null,
        "lte_sinr": null,
        "starlink_latency": null,
        "starlink_snr": null,
        "quality": "unknown"
      }
    },
    {
      "type": "Feature",
      "geometry": {
        "type": "Point",
        "coordinates": [
          127.21047396736925,
          34.6106348041571
        ]
      },
      "properties": {
        "timestamp": "1970-01-01 00:22:12.756515+00:00",
        "altitude": 89.66010284423828,
        "lte_rsrp": null,
        "lte_rssi": null,
        "lte_sinr": null,
        "starlink_latency": null,
        "starlink_snr": null,
        "quality": "unknown"
      }
    },
    {
      "type": "Feature",
      "geometry": {
        "type": "Point",
        "coordinates": [
          127.21046738223208,
          34.610664177049244
        ]
      },
      "properties": {
        "timestamp": "1970-01-01 00:22:12.956813+00:00",
        "altitude": 89.68647766113281,
        "lte_rsrp": null,
        "lte_rssi": null,
        "lte_sinr": null,
        "starlink_latency": null,
        "starlink_snr": null,
        "quality": "unknown"
      }
    },
    {
      "type": "Feature",
      "geometry": {
        "type": "Point",
        "coordinates": [
          127.21046302307222,
          34.610694481155576
        ]
      },
      "properties": {
        "timestamp": "1970-01-01 00:22:13.146854+00:00",
        "altitude": 89.73361206054688,
        "lte_rsrp": null,
        "lte_rssi": null,
        "lte_sinr": null,
        "starlink_latency": null,
        "starlink_snr": null,
        "quality": "unknown"
      }
    },
    {
      "type": "Feature",
      "geometry": {
        "type": "Point",
        "coordinates": [
          127.21046058631622,
          34.61072868511152
        ]
      },
      "properties": {
        "timestamp": "1970-01-01 00:22:13.347018+00:00",
        "altitude": 89.81481170654297,
        "lte_rsrp": null,
        "lte_rssi": null,
        "lte_sinr": null,
        "starlink_latency": null,
        "starlink_snr": null,
        "quality": "unknown"
      }
    },
    {
      "type": "Feature",
      "geometry": {
        "type": "Point",
        "coordinates": [
          127.21045979925498,
          34.610766451067576
        ]
      },
      "properties": {
        "timestamp": "1970-01-01 00:22:13.557170+00:00",
        "altitude": 89.9339370727539,
        "lte_rsrp": null,
        "lte_rssi": null,
        "lte_sinr": null,
        "starlink_latency": null,
        "starlink_snr": null,
        "quality": "unknown"
      }
    },
    {
      "type": "Feature",
      "geometry": {
        "type": "Point",
        "coordinates": [
          127.21046100776087,
          34.61080359144804
        ]
      },
      "properties": {
        "timestamp": "1970-01-01 00:22:13.757320+00:00",
        "altitude": 90.09182739257812,
        "lte_rsrp": null,
        "lte_rssi": null,
        "lte_sinr": null,
        "starlink_latency": null,
        "starlink_snr": null,
        "quality": "unknown"
      }
    },
    {
      "type": "Feature",
      "geometry": {
        "type": "Point",
        "coordinates": [
          127.21046355089697,
          34.610841813167134
        ]
      },
      "properties": {
        "timestamp": "1970-01-01 00:22:13.957775+00:00",
        "altitude": 90.2524642944336,
        "lte_rsrp": null,
        "lte_rssi": null,
        "lte_sinr": null,
        "starlink_latency": null,
        "starlink_snr": null,
        "quality": "unknown"
      }
    },
    {
      "type": "Feature",
      "geometry": {
        "type": "Point",
        "coordinates": [
          127.21046736837283,
          34.61087906192339
        ]
      },
      "properties": {
        "timestamp": "1970-01-01 00:22:14.147696+00:00",
        "altitude": 90.40205383300781,
        "lte_rsrp": null,
        "lte_rssi": null,
        "lte_sinr": null,
        "starlink_latency": null,
        "starlink_snr": null,
        "quality": "unknown"
      }
    },
    {
      "type": "Feature",
      "geometry": {
        "type": "Point",
        "coordinates": [
          127.21047426480608,
          34.61091863274439
        ]
      },
      "properties": {
        "timestamp": "1970-01-01 00:22:14.347884+00:00",
        "altitude": 90.65519714355469,
        "lte_rsrp": null,
        "lte_rssi": null,
        "lte_sinr": null,
        "starlink_latency": null,
        "starlink_snr": null,
        "quality": "unknown"
      }
    },
    {
      "type": "Feature",
      "geometry": {
        "type": "Point",
        "coordinates": [
          127.21048313094187,
          34.610958265900884
        ]
      },
      "properties": {
        "timestamp": "1970-01-01 00:22:14.548009+00:00",
        "altitude": 90.83518981933594,
        "lte_rsrp": null,
        "lte_rssi": null,
        "lte_sinr": null,
        "starlink_latency": null,
        "starlink_snr": null,
        "quality": "unknown"
      }
    },
    {
      "type": "Feature",
      "geometry": {
        "type": "Point",
        "coordinates": [
          127.21049399898891,
          34.610997348714555
        ]
      },
      "properties": {
        "timestamp": "1970-01-01 00:22:14.748205+00:00",
        "altitude": 90.95563507080078,
        "lte_rsrp": null,
        "lte_rssi": null,
        "lte_sinr": null,
        "starlink_latency": null,
        "starlink_snr": null,
        "quality": "unknown"
      }
    },
    {
      "type": "Feature",
      "geometry": {
        "type": "Point",
        "coordinates": [
          127.21050763013609,
          34.611037741621054
        ]
      },
      "properties": {
        "timestamp": "1970-01-01 00:22:14.958493+00:00",
        "altitude": 91.03311157226562,
        "lte_rsrp": null,
        "lte_rssi": null,
        "lte_sinr": null,
        "starlink_latency": null,
        "starlink_snr": null,
        "quality": "unknown"
      }
    },
    {
      "type": "Feature",
      "geometry": {
        "type": "Point",
        "coordinates": [
          127.21052182612699,
          34.611073317496434
        ]
      },
      "properties": {
        "timestamp": "1970-01-01 00:22:15.148595+00:00",
        "altitude": 91.01406860351562,
        "lte_rsrp": null,
        "lte_rssi": null,
        "lte_sinr": null,
        "starlink_latency": null,
        "starlink_snr": null,
        "quality": "unknown"
      }
    },
    {
      "type": "Feature",
      "geometry": {
        "type": "Point",
        "coordinates": [
          127.21053802689802,
          34.61110993635354
        ]
      },
      "properties": {
        "timestamp": "1970-01-01 00:22:15.348795+00:00",
        "altitude": 90.86160278320312,
        "lte_rsrp": null,
        "lte_rssi": null,
        "lte_sinr": null,
        "starlink_latency": null,
        "starlink_snr": null,
        "quality": "unknown"
      }
    },
    {
      "type": "Feature",
      "geometry": {
        "type": "Point",
        "coordinates": [
          127.2105553871349,
          34.61114657064639
        ]
      },
      "properties": {
        "timestamp": "1970-01-01 00:22:15.548920+00:00",
        "altitude": 90.60183715820312,
        "lte_rsrp": null,
        "lte_rssi": null,
        "lte_sinr": null,
        "starlink_latency": null,
        "starlink_snr": null,
        "quality": "unknown"
      }
    },
    {
      "type": "Feature",
      "geometry": {
        "type": "Point",
        "coordinates": [
          127.2105738644466,
          34.611182258560376
        ]
      },
      "properties": {
        "timestamp": "1970-01-01 00:22:15.749064+00:00",
        "altitude": 90.33975982666016,
        "lte_rsrp": null,
        "lte_rssi": null,
        "lte_sinr": null,
        "starlink_latency": null,
        "starlink_snr": null,
        "quality": "unknown"
      }
    },
    {
      "type": "Feature",
      "geometry": {
        "type": "Point",
        "coordinates": [
          127.21059322587722,
          34.61121764306552
        ]
      },
      "properties": {
        "timestamp": "1970-01-01 00:22:15.949276+00:00",
        "altitude": 90.11013793945312,
        "lte_rsrp": null,
        "lte_rssi": null,
        "lte_sinr": null,
        "starlink_latency": null,
        "starlink_snr": null,
        "quality": "unknown"
      }
    },
    {
      "type": "Feature",
      "geometry": {
        "type": "Point",
        "coordinates": [
          127.21061305085196,
          34.611253181534515
        ]
      },
      "properties": {
        "timestamp": "1970-01-01 00:22:16.149469+00:00",
        "altitude": 89.91908264160156,
        "lte_rsrp": null,
        "lte_rssi": null,
        "lte_sinr": null,
        "starlink_latency": null,
        "starlink_snr": null,
        "quality": "unknown"
      }
    },
    {
      "type": "Feature",
      "geometry": {
        "type": "Point",
        "coordinates": [
          127.21063295669128,
          34.611288961585885
        ]
      },
      "properties": {
        "timestamp": "1970-01-01 00:22:16.349676+00:00",
        "altitude": 89.73860168457031,
        "lte_rsrp": null,
        "lte_rssi": null,
        "lte_sinr": null,
        "starlink_latency": null,
        "starlink_snr": null,
        "quality": "unknown"
      }
    },
    {
      "type": "Feature",
      "geometry": {
        "type": "Point",
        "coordinates": [
          127.2106525078017,
          34.61132474389853
        ]
      },
      "properties": {
        "timestamp": "1970-01-01 00:22:16.549826+00:00",
        "altitude": 89.5975112915039,
        "lte_rsrp": null,
        "lte_rssi": null,
        "lte_sinr": null,
        "starlink_latency": null,
        "starlink_snr": null,
        "quality": "unknown"
      }
    },
    {
      "type": "Feature",
      "geometry": {
        "type": "Point",
        "coordinates": [
          127.21067136596929,
          34.61136064936866
        ]
      },
      "properties": {
        "timestamp": "1970-01-01 00:22:16.750020+00:00",
        "altitude": 89.47893524169922,
        "lte_rsrp": null,
        "lte_rssi": null,
        "lte_sinr": null,
        "starlink_latency": null,
        "starlink_snr": null,
        "quality": "unknown"
      }
    },
    {
      "type": "Feature",
      "geometry": {
        "type": "Point",
        "coordinates": [
          127.21068954209932,
          34.6113970709421
        ]
      },
      "properties": {
        "timestamp": "1970-01-01 00:22:16.950166+00:00",
        "altitude": 89.33670806884766,
        "lte_rsrp": null,
        "lte_rssi": null,
        "lte_sinr": null,
        "starlink_latency": null,
        "starlink_snr": null,
        "quality": "unknown"
      }
    },
    {
      "type": "Feature",
      "geometry": {
        "type": "Point",
        "coordinates": [
          127.21070674549104,
          34.611433925392134
        ]
      },
      "properties": {
        "timestamp": "1970-01-01 00:22:17.150323+00:00",
        "altitude": 89.17906188964844,
        "lte_rsrp": null,
        "lte_rssi": null,
        "lte_sinr": null,
        "starlink_latency": null,
        "starlink_snr": null,
        "quality": "unknown"
      }
    },
    {
      "type": "Feature",
      "geometry": {
        "type": "Point",
        "coordinates": [
          127.21072255337914,
          34.6114708733609
        ]
      },
      "properties": {
        "timestamp": "1970-01-01 00:22:17.350504+00:00",
        "altitude": 89.06895446777344,
        "lte_rsrp": null,
        "lte_rssi": null,
        "lte_sinr": null,
        "starlink_latency": null,
        "starlink_snr": null,
        "quality": "unknown"
      }
    },
    {
      "type": "Feature",
      "geometry": {
        "type": "Point",
        "coordinates": [
          127.21073699061598,
          34.611508124186535
        ]
      },
      "properties": {
        "timestamp": "1970-01-01 00:22:17.550720+00:00",
        "altitude": 88.95782470703125,
        "lte_rsrp": null,
        "lte_rssi": null,
        "lte_sinr": null,
        "starlink_latency": null,
        "starlink_snr": null,
        "quality": "unknown"
      }
    },
    {
      "type": "Feature",
      "geometry": {
        "type": "Point",
        "coordinates": [
          127.21075004018218,
          34.611545480127475
        ]
      },
      "properties": {
        "timestamp": "1970-01-01 00:22:17.750860+00:00",
        "altitude": 88.78363037109375,
        "lte_rsrp": null,
        "lte_rssi": null,
        "lte_sinr": null,
        "starlink_latency": null,
        "starlink_snr": null,
        "quality": "unknown"
      }
    },
    {
      "type": "Feature",
      "geometry": {
        "type": "Point",
        "coordinates": [
          127.21076138098563,
          34.611581959610085
        ]
      },
      "properties": {
        "timestamp": "1970-01-01 00:22:17.951063+00:00",
        "altitude": 88.62606811523438,
        "lte_rsrp": null,
        "lte_rssi": null,
        "lte_sinr": null,
        "starlink_latency": null,
        "starlink_snr": null,
        "quality": "unknown"
      }
    },
    {
      "type": "Feature",
      "geometry": {
        "type": "Point",
        "coordinates": [
          127.21077176460386,
          34.611619838931546
        ]
      },
      "properties": {
        "timestamp": "1970-01-01 00:22:18.151275+00:00",
        "altitude": 88.6016616821289,
        "lte_rsrp": null,
        "lte_rssi": null,
        "lte_sinr": null,
        "starlink_latency": null,
        "starlink_snr": null,
        "quality": "unknown"
      }
    },
    {
      "type": "Feature",
      "geometry": {
        "type": "Point",
        "coordinates": [
          127.21078147441956,
          34.611658430179716
        ]
      },
      "properties": {
        "timestamp": "1970-01-01 00:22:18.351442+00:00",
        "altitude": 88.6581039428711,
        "lte_rsrp": null,
        "lte_rssi": null,
        "lte_sinr": null,
        "starlink_latency": null,
        "starlink_snr": null,
        "quality": "unknown"
      }
    },
    {
      "type": "Feature",
      "geometry": {
        "type": "Point",
        "coordinates": [
          127.2107909043191,
          34.61169720709386
        ]
      },
      "properties": {
        "timestamp": "1970-01-01 00:22:18.551593+00:00",
        "altitude": 88.65213775634766,
        "lte_rsrp": null,
        "lte_rssi": null,
        "lte_sinr": null,
        "starlink_latency": null,
        "starlink_snr": null,
        "quality": "unknown"
      }
    },
    {
      "type": "Feature",
      "geometry": {
        "type": "Point",
        "coordinates": [
          127.21079969005035,
          34.61173616734196
        ]
      },
      "properties": {
        "timestamp": "1970-01-01 00:22:18.751784+00:00",
        "altitude": 88.71330261230469,
        "lte_rsrp": null,
        "lte_rssi": null,
        "lte_sinr": null,
        "starlink_latency": null,
        "starlink_snr": null,
        "quality": "unknown"
      }
    },
    {
      "type": "Feature",
      "geometry": {
        "type": "Point",
        "coordinates": [
          127.21080818884155,
          34.61177557700381
        ]
      },
      "properties": {
        "timestamp": "1970-01-01 00:22:18.951952+00:00",
        "altitude": 88.81149291992188,
        "lte_rsrp": null,
        "lte_rssi": null,
        "lte_sinr": null,
        "starlink_latency": null,
        "starlink_snr": null,
        "quality": "unknown"
      }
    },
    {
      "type": "Feature",
      "geometry": {
        "type": "Point",
        "coordinates": [
          127.21081644779423,
          34.61181523147604
        ]
      },
      "properties": {
        "timestamp": "1970-01-01 00:22:19.152101+00:00",
        "altitude": 88.84793853759766,
        "lte_rsrp": null,
        "lte_rssi": null,
        "lte_sinr": null,
        "starlink_latency": null,
        "starlink_snr": null,
        "quality": "unknown"
      }
    },
    {
      "type": "Feature",
      "geometry": {
        "type": "Point",
        "coordinates": [
          127.21082428558329,
          34.61185479441916
        ]
      },
      "properties": {
        "timestamp": "1970-01-01 00:22:19.352213+00:00",
        "altitude": 88.88264465332031,
        "lte_rsrp": null,
        "lte_rssi": null,
        "lte_sinr": null,
        "starlink_latency": null,
        "starlink_snr": null,
        "quality": "unknown"
      }
    },
    {
      "type": "Feature",
      "geometry": {
        "type": "Point",
        "coordinates": [
          127.21083174551704,
          34.61189414905418
        ]
      },
      "properties": {
        "timestamp": "1970-01-01 00:22:19.552403+00:00",
        "altitude": 88.97347259521484,
        "lte_rsrp": null,
        "lte_rssi": null,
        "lte_sinr": null,
        "starlink_latency": null,
        "starlink_snr": null,
        "quality": "unknown"
      }
    },
    {
      "type": "Feature",
      "geometry": {
        "type": "Point",
        "coordinates": [
          127.210838945475,
          34.61193293214479
        ]
      },
      "properties": {
        "timestamp": "1970-01-01 00:22:19.752622+00:00",
        "altitude": 89.09953308105469,
        "lte_rsrp": null,
        "lte_rssi": null,
        "lte_sinr": null,
        "starlink_latency": null,
        "starlink_snr": null,
        "quality": "unknown"
      }
    },
    {
      "type": "Feature",
      "geometry": {
        "type": "Point",
        "coordinates": [
          127.21084603516537,
          34.61197167200918
        ]
      },
      "properties": {
        "timestamp": "1970-01-01 00:22:19.952791+00:00",
        "altitude": 89.2184829711914,
        "lte_rsrp": null,
        "lte_rssi": null,
        "lte_sinr": null,
        "starlink_latency": null,
        "starlink_snr": null,
        "quality": "unknown"
      }
    },
    {
      "type": "Feature",
      "geometry": {
        "type": "Point",
        "coordinates": [
          127.2108530594817,
          34.61201046731246
        ]
      },
      "properties": {
        "timestamp": "1970-01-01 00:22:20.153006+00:00",
        "altitude": 89.38457489013672,
        "lte_rsrp": null,
        "lte_rssi": null,
        "lte_sinr": null,
        "starlink_latency": null,
        "starlink_snr": null,
        "quality": "unknown"
      }
    },
    {
      "type": "Feature",
      "geometry": {
        "type": "Point",
        "coordinates": [
          127.21086014903857,
          34.61204897718594
        ]
      },
      "properties": {
        "timestamp": "1970-01-01 00:22:20.353172+00:00",
        "altitude": 89.57274627685547,
        "lte_rsrp": null,
        "lte_rssi": null,
        "lte_sinr": null,
        "starlink_latency": null,
        "starlink_snr": null,
        "quality": "unknown"
      }
    },
    {
      "type": "Feature",
      "geometry": {
        "type": "Point",
        "coordinates": [
          127.21086734166305,
          34.61208696368037
        ]
      },
      "properties": {
        "timestamp": "1970-01-01 00:22:20.553414+00:00",
        "altitude": 89.75543975830078,
        "lte_rsrp": null,
        "lte_rssi": null,
        "lte_sinr": null,
        "starlink_latency": null,
        "starlink_snr": null,
        "quality": "unknown"
      }
    },
    {
      "type": "Feature",
      "geometry": {
        "type": "Point",
        "coordinates": [
          127.21087478695897,
          34.61212464910078
        ]
      },
      "properties": {
        "timestamp": "1970-01-01 00:22:20.756011+00:00",
        "altitude": 89.85602569580078,
        "lte_rsrp": null,
        "lte_rssi": null,
        "lte_sinr": null,
        "starlink_latency": null,
        "starlink_snr": null,
        "quality": "unknown"
      }
    },
    {
      "type": "Feature",
      "geometry": {
        "type": "Point",
        "coordinates": [
          127.21088233240548,
          34.61216196716757
        ]
      },
      "properties": {
        "timestamp": "1970-01-01 00:22:20.956204+00:00",
        "altitude": 89.96681213378906,
        "lte_rsrp": null,
        "lte_rssi": null,
        "lte_sinr": null,
        "starlink_latency": null,
        "starlink_snr": null,
        "quality": "unknown"
      }
    },
    {
      "type": "Feature",
      "geometry": {
        "type": "Point",
        "coordinates": [
          127.21088996449845,
          34.612199281528575
        ]
      },
      "properties": {
        "timestamp": "1970-01-01 00:22:21.156363+00:00",
        "altitude": 90.13232421875,
        "lte_rsrp": null,
        "lte_rssi": null,
        "lte_sinr": null,
        "starlink_latency": null,
        "starlink_snr": null,
        "quality": "unknown"
      }
    },
    {
      "type": "Feature",
      "geometry": {
        "type": "Point",
        "coordinates": [
          127.21089772545871,
          34.61223536346576
        ]
      },
      "properties": {
        "timestamp": "1970-01-01 00:22:21.356560+00:00",
        "altitude": 90.23109436035156,
        "lte_rsrp": null,
        "lte_rssi": null,
        "lte_sinr": null,
        "starlink_latency": null,
        "starlink_snr": null,
        "quality": "unknown"
      }
    },
    {
      "type": "Feature",
      "geometry": {
        "type": "Point",
        "coordinates": [
          127.21090484279367,
          34.61226834383156
        ]
      },
      "properties": {
        "timestamp": "1970-01-01 00:22:21.546675+00:00",
        "altitude": 90.33184814453125,
        "lte_rsrp": null,
        "lte_rssi": null,
        "lte_sinr": null,
        "starlink_latency": null,
        "starlink_snr": null,
        "quality": "unknown"
      }
    },
    {
      "type": "Feature",
      "geometry": {
        "type": "Point",
        "coordinates": [
          127.21091243833757,
          34.61230280444796
        ]
      },
      "properties": {
        "timestamp": "1970-01-01 00:22:21.746891+00:00",
        "altitude": 90.43374633789062,
        "lte_rsrp": null,
        "lte_rssi": null,
        "lte_sinr": null,
        "starlink_latency": null,
        "starlink_snr": null,
        "quality": "unknown"
      }
    },
    {
      "type": "Feature",
      "geometry": {
        "type": "Point",
        "coordinates": [
          127.21092009527278,
          34.61233852355956
        ]
      },
      "properties": {
        "timestamp": "1970-01-01 00:22:21.957061+00:00",
        "altitude": 90.54310607910156,
        "lte_rsrp": null,
        "lte_rssi": null,
        "lte_sinr": null,
        "starlink_latency": null,
        "starlink_snr": null,
        "quality": "unknown"
      }
    },
    {
      "type": "Feature",
      "geometry": {
        "type": "Point",
        "coordinates": [
          127.2109273300414,
          34.6123744771905
        ]
      },
      "properties": {
        "timestamp": "1970-01-01 00:22:22.157248+00:00",
        "altitude": 90.63382720947266,
        "lte_rsrp": null,
        "lte_rssi": null,
        "lte_sinr": null,
        "starlink_latency": null,
        "starlink_snr": null,
        "quality": "unknown"
      }
    },
    {
      "type": "Feature",
      "geometry": {
        "type": "Point",
        "coordinates": [
          127.21093438536941,
          34.61241093224386
        ]
      },
      "properties": {
        "timestamp": "1970-01-01 00:22:22.357425+00:00",
        "altitude": 90.71324157714844,
        "lte_rsrp": null,
        "lte_rssi": null,
        "lte_sinr": null,
        "starlink_latency": null,
        "starlink_snr": null,
        "quality": "unknown"
      }
    },
    {
      "type": "Feature",
      "geometry": {
        "type": "Point",
        "coordinates": [
          127.21094083435962,
          34.61244524946131
        ]
      },
      "properties": {
        "timestamp": "1970-01-01 00:22:22.547574+00:00",
        "altitude": 90.7950439453125,
        "lte_rsrp": null,
        "lte_rssi": null,
        "lte_sinr": null,
        "starlink_latency": null,
        "starlink_snr": null,
        "quality": "unknown"
      }
    },
    {
      "type": "Feature",
      "geometry": {
        "type": "Point",
        "coordinates": [
          127.21094730724818,
          34.61248129132951
        ]
      },
      "properties": {
        "timestamp": "1970-01-01 00:22:22.747743+00:00",
        "altitude": 90.8864517211914,
        "lte_rsrp": null,
        "lte_rssi": null,
        "lte_sinr": null,
        "starlink_latency": null,
        "starlink_snr": null,
        "quality": "unknown"
      }
    },
    {
      "type": "Feature",
      "geometry": {
        "type": "Point",
        "coordinates": [
          127.21095361011461,
          34.61251755811066
        ]
      },
      "properties": {
        "timestamp": "1970-01-01 00:22:22.947965+00:00",
        "altitude": 90.97967529296875,
        "lte_rsrp": null,
        "lte_rssi": null,
        "lte_sinr": null,
        "starlink_latency": null,
        "starlink_snr": null,
        "quality": "unknown"
      }
    },
    {
      "type": "Feature",
      "geometry": {
        "type": "Point",
        "coordinates": [
          127.21095973007806,
          34.61255396843004
        ]
      },
      "properties": {
        "timestamp": "1970-01-01 00:22:23.148157+00:00",
        "altitude": 91.08417510986328,
        "lte_rsrp": null,
        "lte_rssi": null,
        "lte_sinr": null,
        "starlink_latency": null,
        "starlink_snr": null,
        "quality": "unknown"
      }
    },
    {
      "type": "Feature",
      "geometry": {
        "type": "Point",
        "coordinates": [
          127.21096611645687,
          34.612591938042584
        ]
      },
      "properties": {
        "timestamp": "1970-01-01 00:22:23.358333+00:00",
        "altitude": 91.19226837158203,
        "lte_rsrp": null,
        "lte_rssi": null,
        "lte_sinr": null,
        "starlink_latency": null,
        "starlink_snr": null,
        "quality": "unknown"
      }
    },
    {
      "type": "Feature",
      "geometry": {
        "type": "Point",
        "coordinates": [
          127.21097185167488,
          34.612625736685295
        ]
      },
      "properties": {
        "timestamp": "1970-01-01 00:22:23.548314+00:00",
        "altitude": 91.23445892333984,
        "lte_rsrp": null,
        "lte_rssi": null,
        "lte_sinr": null,
        "starlink_latency": null,
        "starlink_snr": null,
        "quality": "unknown"
      }
    },
    {
      "type": "Feature",
      "geometry": {
        "type": "Point",
        "coordinates": [
          127.21097818211008,
          34.61266081138641
        ]
      },
      "properties": {
        "timestamp": "1970-01-01 00:22:23.748644+00:00",
        "altitude": 91.225830078125,
        "lte_rsrp": null,
        "lte_rssi": null,
        "lte_sinr": null,
        "starlink_latency": null,
        "starlink_snr": null,
        "quality": "unknown"
      }
    },
    {
      "type": "Feature",
      "geometry": {
        "type": "Point",
        "coordinates": [
          127.21098482518002,
          34.61269571743586
        ]
      },
      "properties": {
        "timestamp": "1970-01-01 00:22:23.948797+00:00",
        "altitude": 91.20111083984375,
        "lte_rsrp": null,
        "lte_rssi": null,
        "lte_sinr": null,
        "starlink_latency": null,
        "starlink_snr": null,
        "quality": "unknown"
      }
    },
    {
      "type": "Feature",
      "geometry": {
        "type": "Point",
        "coordinates": [
          127.2109916591269,
          34.61273064516592
        ]
      },
      "properties": {
        "timestamp": "1970-01-01 00:22:24.148968+00:00",
        "altitude": 91.14156341552734,
        "lte_rsrp": null,
        "lte_rssi": null,
        "lte_sinr": null,
        "starlink_latency": null,
        "starlink_snr": null,
        "quality": "unknown"
      }
    },
    {
      "type": "Feature",
      "geometry": {
        "type": "Point",
        "coordinates": [
          127.21099860566642,
          34.61276523916256
        ]
      },
      "properties": {
        "timestamp": "1970-01-01 00:22:24.349167+00:00",
        "altitude": 91.05143737792969,
        "lte_rsrp": null,
        "lte_rssi": null,
        "lte_sinr": null,
        "starlink_latency": null,
        "starlink_snr": null,
        "quality": "unknown"
      }
    },
    {
      "type": "Feature",
      "geometry": {
        "type": "Point",
        "coordinates": [
          127.2110056187798,
          34.61279957242995
        ]
      },
      "properties": {
        "timestamp": "1970-01-01 00:22:24.549323+00:00",
        "altitude": 90.98573303222656,
        "lte_rsrp": null,
        "lte_rssi": null,
        "lte_sinr": null,
        "starlink_latency": null,
        "starlink_snr": null,
        "quality": "unknown"
      }
    },
    {
      "type": "Feature",
      "geometry": {
        "type": "Point",
        "coordinates": [
          127.21101268587958,
          34.612833847787535
        ]
      },
      "properties": {
        "timestamp": "1970-01-01 00:22:24.749525+00:00",
        "altitude": 90.92033386230469,
        "lte_rsrp": null,
        "lte_rssi": null,
        "lte_sinr": null,
        "starlink_latency": null,
        "starlink_snr": null,
        "quality": "unknown"
      }
    },
    {
      "type": "Feature",
      "geometry": {
        "type": "Point",
        "coordinates": [
          127.2110198665758,
          34.61286837591381
        ]
      },
      "properties": {
        "timestamp": "1970-01-01 00:22:24.949783+00:00",
        "altitude": 90.91383361816406,
        "lte_rsrp": null,
        "lte_rssi": null,
        "lte_sinr": null,
        "starlink_latency": null,
        "starlink_snr": null,
        "quality": "unknown"
      }
    },
    {
      "type": "Feature",
      "geometry": {
        "type": "Point",
        "coordinates": [
          127.21102724098672,
          34.61290334919873
        ]
      },
      "properties": {
        "timestamp": "1970-01-01 00:22:25.149813+00:00",
        "altitude": 90.92738342285156,
        "lte_rsrp": null,
        "lte_rssi": null,
        "lte_sinr": null,
        "starlink_latency": null,
        "starlink_snr": null,
        "quality": "unknown"
      }
    },
    {
      "type": "Feature",
      "geometry": {
        "type": "Point",
        "coordinates": [
          127.21103468493344,
          34.612938392193534
        ]
      },
      "properties": {
        "timestamp": "1970-01-01 00:22:25.350149+00:00",
        "altitude": 90.96630859375,
        "lte_rsrp": null,
        "lte_rssi": null,
        "lte_sinr": null,
        "starlink_latency": null,
        "starlink_snr": null,
        "quality": "unknown"
      }
    },
    {
      "type": "Feature",
      "geometry": {
        "type": "Point",
        "coordinates": [
          127.2110419476435,
          34.612973411585806
        ]
      },
      "properties": {
        "timestamp": "1970-01-01 00:22:25.552746+00:00",
        "altitude": 91.04247283935547,
        "lte_rsrp": null,
        "lte_rssi": null,
        "lte_sinr": null,
        "starlink_latency": null,
        "starlink_snr": null,
        "quality": "unknown"
      }
    },
    {
      "type": "Feature",
      "geometry": {
        "type": "Point",
        "coordinates": [
          127.2110490631722,
          34.61300832668679
        ]
      },
      "properties": {
        "timestamp": "1970-01-01 00:22:25.752899+00:00",
        "altitude": 91.1299057006836,
        "lte_rsrp": null,
        "lte_rssi": null,
        "lte_sinr": null,
        "starlink_latency": null,
        "starlink_snr": null,
        "quality": "unknown"
      }
    },
    {
      "type": "Feature",
      "geometry": {
        "type": "Point",
        "coordinates": [
          127.21105606040803,
          34.61304338971702
        ]
      },
      "properties": {
        "timestamp": "1970-01-01 00:22:25.953129+00:00",
        "altitude": 91.24762725830078,
        "lte_rsrp": null,
        "lte_rssi": null,
        "lte_sinr": null,
        "starlink_latency": null,
        "starlink_snr": null,
        "quality": "unknown"
      }
    },
    {
      "type": "Feature",
      "geometry": {
        "type": "Point",
        "coordinates": [
          127.21106290696169,
          34.61307851971357
        ]
      },
      "properties": {
        "timestamp": "1970-01-01 00:22:26.153258+00:00",
        "altitude": 91.3944320678711,
        "lte_rsrp": null,
        "lte_rssi": null,
        "lte_sinr": null,
        "starlink_latency": null,
        "starlink_snr": null,
        "quality": "unknown"
      }
    },
    {
      "type": "Feature",
      "geometry": {
        "type": "Point",
        "coordinates": [
          127.21106955477093,
          34.613113690054895
        ]
      },
      "properties": {
        "timestamp": "1970-01-01 00:22:26.353424+00:00",
        "altitude": 91.58971405029297,
        "lte_rsrp": null,
        "lte_rssi": null,
        "lte_sinr": null,
        "starlink_latency": null,
        "starlink_snr": null,
        "quality": "unknown"
      }
    },
    {
      "type": "Feature",
      "geometry": {
        "type": "Point",
        "coordinates": [
          127.21107609970718,
          34.613148563989014
        ]
      },
      "properties": {
        "timestamp": "1970-01-01 00:22:26.553543+00:00",
        "altitude": 91.7998275756836,
        "lte_rsrp": null,
        "lte_rssi": null,
        "lte_sinr": null,
        "starlink_latency": null,
        "starlink_snr": null,
        "quality": "unknown"
      }
    },
    {
      "type": "Feature",
      "geometry": {
        "type": "Point",
        "coordinates": [
          127.2110826243054,
          34.61318318021324
        ]
      },
      "properties": {
        "timestamp": "1970-01-01 00:22:26.753719+00:00",
        "altitude": 91.9874496459961,
        "lte_rsrp": null,
        "lte_rssi": null,
        "lte_sinr": null,
        "starlink_latency": null,
        "starlink_snr": null,
        "quality": "unknown"
      }
    },
    {
      "type": "Feature",
      "geometry": {
        "type": "Point",
        "coordinates": [
          127.21108904265529,
          34.613217718767885
        ]
      },
      "properties": {
        "timestamp": "1970-01-01 00:22:26.953929+00:00",
        "altitude": 92.20718383789062,
        "lte_rsrp": null,
        "lte_rssi": null,
        "lte_sinr": null,
        "starlink_latency": null,
        "starlink_snr": null,
        "quality": "unknown"
      }
    },
    {
      "type": "Feature",
      "geometry": {
        "type": "Point",
        "coordinates": [
          127.21109543124693,
          34.61325210719754
        ]
      },
      "properties": {
        "timestamp": "1970-01-01 00:22:27.154099+00:00",
        "altitude": 92.41443634033203,
        "lte_rsrp": null,
        "lte_rssi": null,
        "lte_sinr": null,
        "starlink_latency": null,
        "starlink_snr": null,
        "quality": "unknown"
      }
    },
    {
      "type": "Feature",
      "geometry": {
        "type": "Point",
        "coordinates": [
          127.21110180821228,
          34.61328624422963
        ]
      },
      "properties": {
        "timestamp": "1970-01-01 00:22:27.354284+00:00",
        "altitude": 92.6303939819336,
        "lte_rsrp": null,
        "lte_rssi": null,
        "lte_sinr": null,
        "starlink_latency": null,
        "starlink_snr": null,
        "quality": "unknown"
      }
    },
    {
      "type": "Feature",
      "geometry": {
        "type": "Point",
        "coordinates": [
          127.21110805283459,
          34.613320303043395
        ]
      },
      "properties": {
        "timestamp": "1970-01-01 00:22:27.554494+00:00",
        "altitude": 92.8676528930664,
        "lte_rsrp": null,
        "lte_rssi": null,
        "lte_sinr": null,
        "starlink_latency": null,
        "starlink_snr": null,
        "quality": "unknown"
      }
    },
    {
      "type": "Feature",
      "geometry": {
        "type": "Point",
        "coordinates": [
          127.21111398570227,
          34.613354008365164
        ]
      },
      "properties": {
        "timestamp": "1970-01-01 00:22:27.754662+00:00",
        "altitude": 93.11408996582031,
        "lte_rsrp": null,
        "lte_rssi": null,
        "lte_sinr": null,
        "starlink_latency": null,
        "starlink_snr": null,
        "quality": "unknown"
      }
    },
    {
      "type": "Feature",
      "geometry": {
        "type": "Point",
        "coordinates": [
          127.21111964811521,
          34.61338604941597
        ]
      },
      "properties": {
        "timestamp": "1970-01-01 00:22:27.954962+00:00",
        "altitude": 93.35558319091797,
        "lte_rsrp": null,
        "lte_rssi": null,
        "lte_sinr": null,
        "starlink_latency": null,
        "starlink_snr": null,
        "quality": "unknown"
      }
    },
    {
      "type": "Feature",
      "geometry": {
        "type": "Point",
        "coordinates": [
          127.21112570991805,
          34.61341915588411
        ]
      },
      "properties": {
        "timestamp": "1970-01-01 00:22:28.155006+00:00",
        "altitude": 93.60214233398438,
        "lte_rsrp": null,
        "lte_rssi": null,
        "lte_sinr": null,
        "starlink_latency": null,
        "starlink_snr": null,
        "quality": "unknown"
      }
    },
    {
      "type": "Feature",
      "geometry": {
        "type": "Point",
        "coordinates": [
          127.21113185755667,
          34.61345266112911
        ]
      },
      "properties": {
        "timestamp": "1970-01-01 00:22:28.355169+00:00",
        "altitude": 93.8599853515625,
        "lte_rsrp": null,
        "lte_rssi": null,
        "lte_sinr": null,
        "starlink_latency": null,
        "starlink_snr": null,
        "quality": "unknown"
      }
    },
    {
      "type": "Feature",
      "geometry": {
        "type": "Point",
        "coordinates": [
          127.211137887777,
          34.61348642106504
        ]
      },
      "properties": {
        "timestamp": "1970-01-01 00:22:28.555372+00:00",
        "altitude": 94.12265014648438,
        "lte_rsrp": null,
        "lte_rssi": null,
        "lte_sinr": null,
        "starlink_latency": null,
        "starlink_snr": null,
        "quality": "unknown"
      }
    },
    {
      "type": "Feature",
      "geometry": {
        "type": "Point",
        "coordinates": [
          127.21114389049184,
          34.61352036680426
        ]
      },
      "properties": {
        "timestamp": "1970-01-01 00:22:28.755564+00:00",
        "altitude": 94.37283325195312,
        "lte_rsrp": null,
        "lte_rssi": null,
        "lte_sinr": null,
        "starlink_latency": null,
        "starlink_snr": null,
        "quality": "unknown"
      }
    },
    {
      "type": "Feature",
      "geometry": {
        "type": "Point",
        "coordinates": [
          127.21115003435678,
          34.613554540062516
        ]
      },
      "properties": {
        "timestamp": "1970-01-01 00:22:28.955810+00:00",
        "altitude": 94.61375427246094,
        "lte_rsrp": null,
        "lte_rssi": null,
        "lte_sinr": null,
        "starlink_latency": null,
        "starlink_snr": null,
        "quality": "unknown"
      }
    },
    {
      "type": "Feature",
      "geometry": {
        "type": "Point",
        "coordinates": [
          127.21115631353564,
          34.61358885493661
        ]
      },
      "properties": {
        "timestamp": "1970-01-01 00:22:29.155911+00:00",
        "altitude": 94.87325286865234,
        "lte_rsrp": null,
        "lte_rssi": null,
        "lte_sinr": null,
        "starlink_latency": null,
        "starlink_snr": null,
        "quality": "unknown"
      }
    },
    {
      "type": "Feature",
      "geometry": {
        "type": "Point",
        "coordinates": [
          127.21116261402075,
          34.613623208233435
        ]
      },
      "properties": {
        "timestamp": "1970-01-01 00:22:29.356062+00:00",
        "altitude": 95.13379669189453,
        "lte_rsrp": null,
        "lte_rssi": null,
        "lte_sinr": null,
        "starlink_latency": null,
        "starlink_snr": null,
        "quality": "unknown"
      }
    },
    {
      "type": "Feature",
      "geometry": {
        "type": "Point",
        "coordinates": [
          127.21116882338906,
          34.61365760736374
        ]
      },
      "properties": {
        "timestamp": "1970-01-01 00:22:29.556253+00:00",
        "altitude": 95.38668060302734,
        "lte_rsrp": null,
        "lte_rssi": null,
        "lte_sinr": null,
        "starlink_latency": null,
        "starlink_snr": null,
        "quality": "unknown"
      }
    },
    {
      "type": "Feature",
      "geometry": {
        "type": "Point",
        "coordinates": [
          127.21117506089993,
          34.61369205342475
        ]
      },
      "properties": {
        "timestamp": "1970-01-01 00:22:29.756382+00:00",
        "altitude": 95.64256286621094,
        "lte_rsrp": null,
        "lte_rssi": null,
        "lte_sinr": null,
        "starlink_latency": null,
        "starlink_snr": null,
        "quality": "unknown"
      }
    },
    {
      "type": "Feature",
      "geometry": {
        "type": "Point",
        "coordinates": [
          127.21118105600844,
          34.61372492221577
        ]
      },
      "properties": {
        "timestamp": "1970-01-01 00:22:29.946511+00:00",
        "altitude": 95.89378356933594,
        "lte_rsrp": null,
        "lte_rssi": null,
        "lte_sinr": null,
        "starlink_latency": null,
        "starlink_snr": null,
        "quality": "unknown"
      }
    },
    {
      "type": "Feature",
      "geometry": {
        "type": "Point",
        "coordinates": [
          127.2111875277994,
          34.613759722316956
        ]
      },
      "properties": {
        "timestamp": "1970-01-01 00:22:30.146771+00:00",
        "altitude": 96.15095520019531,
        "lte_rsrp": null,
        "lte_rssi": null,
        "lte_sinr": null,
        "starlink_latency": null,
        "starlink_snr": null,
        "quality": "unknown"
      }
    },
    {
      "type": "Feature",
      "geometry": {
        "type": "Point",
        "coordinates": [
          127.21119408096435,
          34.61379455507707
        ]
      },
      "properties": {
        "timestamp": "1970-01-01 00:22:30.349408+00:00",
        "altitude": 96.4144287109375,
        "lte_rsrp": null,
        "lte_rssi": null,
        "lte_sinr": null,
        "starlink_latency": null,
        "starlink_snr": null,
        "quality": "unknown"
      }
    },
    {
      "type": "Feature",
      "geometry": {
        "type": "Point",
        "coordinates": [
          127.21120074630758,
          34.613829326084726
        ]
      },
      "properties": {
        "timestamp": "1970-01-01 00:22:30.549641+00:00",
        "altitude": 96.65989685058594,
        "lte_rsrp": null,
        "lte_rssi": null,
        "lte_sinr": null,
        "starlink_latency": null,
        "starlink_snr": null,
        "quality": "unknown"
      }
    },
    {
      "type": "Feature",
      "geometry": {
        "type": "Point",
        "coordinates": [
          127.21120744542034,
          34.61386402326447
        ]
      },
      "properties": {
        "timestamp": "1970-01-01 00:22:30.749817+00:00",
        "altitude": 96.94734954833984,
        "lte_rsrp": null,
        "lte_rssi": null,
        "lte_sinr": null,
        "starlink_latency": null,
        "starlink_snr": null,
        "quality": "unknown"
      }
    },
    {
      "type": "Feature",
      "geometry": {
        "type": "Point",
        "coordinates": [
          127.21121397291708,
          34.61389796927191
        ]
      },
      "properties": {
        "timestamp": "1970-01-01 00:22:30.947479+00:00",
        "altitude": 97.2166519165039,
        "lte_rsrp": null,
        "lte_rssi": null,
        "lte_sinr": null,
        "starlink_latency": null,
        "starlink_snr": null,
        "quality": "unknown"
      }
    },
    {
      "type": "Feature",
      "geometry": {
        "type": "Point",
        "coordinates": [
          127.21122067137503,
          34.613932797638604
        ]
      },
      "properties": {
        "timestamp": "1970-01-01 00:22:31.147648+00:00",
        "altitude": 97.49140167236328,
        "lte_rsrp": null,
        "lte_rssi": null,
        "lte_sinr": null,
        "starlink_latency": null,
        "starlink_snr": null,
        "quality": "unknown"
      }
    },
    {
      "type": "Feature",
      "geometry": {
        "type": "Point",
        "coordinates": [
          127.21122705599592,
          34.6139677780526
        ]
      },
      "properties": {
        "timestamp": "1970-01-01 00:22:31.347924+00:00",
        "altitude": 97.78732299804688,
        "lte_rsrp": null,
        "lte_rssi": null,
        "lte_sinr": null,
        "starlink_latency": null,
        "starlink_snr": null,
        "quality": "unknown"
      }
    },
    {
      "type": "Feature",
      "geometry": {
        "type": "Point",
        "coordinates": [
          127.21123317645241,
          34.61400105138142
        ]
      },
      "properties": {
        "timestamp": "1970-01-01 00:22:31.547991+00:00",
        "altitude": 98.09053802490234,
        "lte_rsrp": null,
        "lte_rssi": null,
        "lte_sinr": null,
        "starlink_latency": null,
        "starlink_snr": null,
        "quality": "unknown"
      }
    },
    {
      "type": "Feature",
      "geometry": {
        "type": "Point",
        "coordinates": [
          127.21123973641913,
          34.61403717899969
        ]
      },
      "properties": {
        "timestamp": "1970-01-01 00:22:31.758172+00:00",
        "altitude": 98.37870788574219,
        "lte_rsrp": null,
        "lte_rssi": null,
        "lte_sinr": null,
        "starlink_latency": null,
        "starlink_snr": null,
        "quality": "unknown"
      }
    },
    {
      "type": "Feature",
      "geometry": {
        "type": "Point",
        "coordinates": [
          127.21124558851922,
          34.61407040759384
        ]
      },
      "properties": {
        "timestamp": "1970-01-01 00:22:31.948318+00:00",
        "altitude": 98.62889099121094,
        "lte_rsrp": null,
        "lte_rssi": null,
        "lte_sinr": null,
        "starlink_latency": null,
        "starlink_snr": null,
        "quality": "unknown"
      }
    },
    {
      "type": "Feature",
      "geometry": {
        "type": "Point",
        "coordinates": [
          127.21125161596687,
          34.61410565230505
        ]
      },
      "properties": {
        "timestamp": "1970-01-01 00:22:32.148491+00:00",
        "altitude": 98.90772247314453,
        "lte_rsrp": null,
        "lte_rssi": null,
        "lte_sinr": null,
        "starlink_latency": null,
        "starlink_snr": null,
        "quality": "unknown"
      }
    },
    {
      "type": "Feature",
      "geometry": {
        "type": "Point",
        "coordinates": [
          127.21125756609577,
          34.61414105372802
        ]
      },
      "properties": {
        "timestamp": "1970-01-01 00:22:32.348675+00:00",
        "altitude": 99.15918731689453,
        "lte_rsrp": null,
        "lte_rssi": null,
        "lte_sinr": null,
        "starlink_latency": null,
        "starlink_snr": null,
        "quality": "unknown"
      }
    },
    {
      "type": "Feature",
      "geometry": {
        "type": "Point",
        "coordinates": [
          127.21126343669579,
          34.61417652760627
        ]
      },
      "properties": {
        "timestamp": "1970-01-01 00:22:32.548845+00:00",
        "altitude": 99.39097595214844,
        "lte_rsrp": null,
        "lte_rssi": null,
        "lte_sinr": null,
        "starlink_latency": null,
        "starlink_snr": null,
        "quality": "unknown"
      }
    },
    {
      "type": "Feature",
      "geometry": {
        "type": "Point",
        "coordinates": [
          127.21126894580667,
          34.61421157636148
        ]
      },
      "properties": {
        "timestamp": "1970-01-01 00:22:32.749025+00:00",
        "altitude": 99.59847259521484,
        "lte_rsrp": null,
        "lte_rssi": null,
        "lte_sinr": null,
        "starlink_latency": null,
        "starlink_snr": null,
        "quality": "unknown"
      }
    },
    {
      "type": "Feature",
      "geometry": {
        "type": "Point",
        "coordinates": [
          127.21127424164959,
          34.614245111793906
        ]
      },
      "properties": {
        "timestamp": "1970-01-01 00:22:32.949198+00:00",
        "altitude": 99.78585815429688,
        "lte_rsrp": null,
        "lte_rssi": null,
        "lte_sinr": null,
        "starlink_latency": null,
        "starlink_snr": null,
        "quality": "unknown"
      }
    },
    {
      "type": "Feature",
      "geometry": {
        "type": "Point",
        "coordinates": [
          127.21127985789808,
          34.61427999121162
        ]
      },
      "properties": {
        "timestamp": "1970-01-01 00:22:33.149391+00:00",
        "altitude": 99.97455596923828,
        "lte_rsrp": null,
        "lte_rssi": null,
        "lte_sinr": null,
        "starlink_latency": null,
        "starlink_snr": null,
        "quality": "unknown"
      }
    },
    {
      "type": "Feature",
      "geometry": {
        "type": "Point",
        "coordinates": [
          127.21128555260738,
          34.614315460698634
        ]
      },
      "properties": {
        "timestamp": "1970-01-01 00:22:33.349545+00:00",
        "altitude": 100.16311645507812,
        "lte_rsrp": null,
        "lte_rssi": null,
        "lte_sinr": null,
        "starlink_latency": null,
        "starlink_snr": null,
        "quality": "unknown"
      }
    },
    {
      "type": "Feature",
      "geometry": {
        "type": "Point",
        "coordinates": [
          127.21129121313975,
          34.61435090795504
        ]
      },
      "properties": {
        "timestamp": "1970-01-01 00:22:33.549717+00:00",
        "altitude": 100.35648345947266,
        "lte_rsrp": null,
        "lte_rssi": null,
        "lte_sinr": null,
        "starlink_latency": null,
        "starlink_snr": null,
        "quality": "unknown"
      }
    },
    {
      "type": "Feature",
      "geometry": {
        "type": "Point",
        "coordinates": [
          127.21129690835782,
          34.61438624762611
        ]
      },
      "properties": {
        "timestamp": "1970-01-01 00:22:33.749930+00:00",
        "altitude": 100.56798553466797,
        "lte_rsrp": null,
        "lte_rssi": null,
        "lte_sinr": null,
        "starlink_latency": null,
        "starlink_snr": null,
        "quality": "unknown"
      }
    },
    {
      "type": "Feature",
      "geometry": {
        "type": "Point",
        "coordinates": [
          127.21130269003794,
          34.61442188946714
        ]
      },
      "properties": {
        "timestamp": "1970-01-01 00:22:33.950120+00:00",
        "altitude": 100.80924224853516,
        "lte_rsrp": null,
        "lte_rssi": null,
        "lte_sinr": null,
        "starlink_latency": null,
        "starlink_snr": null,
        "quality": "unknown"
      }
    },
    {
      "type": "Feature",
      "geometry": {
        "type": "Point",
        "coordinates": [
          127.21130866072653,
          34.61445798415117
        ]
      },
      "properties": {
        "timestamp": "1970-01-01 00:22:34.150306+00:00",
        "altitude": 101.07489776611328,
        "lte_rsrp": null,
        "lte_rssi": null,
        "lte_sinr": null,
        "starlink_latency": null,
        "starlink_snr": null,
        "quality": "unknown"
      }
    },
    {
      "type": "Feature",
      "geometry": {
        "type": "Point",
        "coordinates": [
          127.21131463000201,
          34.61449396466323
        ]
      },
      "properties": {
        "timestamp": "1970-01-01 00:22:34.350436+00:00",
        "altitude": 101.34294128417969,
        "lte_rsrp": null,
        "lte_rssi": null,
        "lte_sinr": null,
        "starlink_latency": null,
        "starlink_snr": null,
        "quality": "unknown"
      }
    },
    {
      "type": "Feature",
      "geometry": {
        "type": "Point",
        "coordinates": [
          127.21132063888255,
          34.614529858997074
        ]
      },
      "properties": {
        "timestamp": "1970-01-01 00:22:34.550641+00:00",
        "altitude": 101.63983154296875,
        "lte_rsrp": null,
        "lte_rssi": null,
        "lte_sinr": null,
        "starlink_latency": null,
        "starlink_snr": null,
        "quality": "unknown"
      }
    },
    {
      "type": "Feature",
      "geometry": {
        "type": "Point",
        "coordinates": [
          127.21132669887395,
          34.61456574180337
        ]
      },
      "properties": {
        "timestamp": "1970-01-01 00:22:34.750867+00:00",
        "altitude": 101.97695922851562,
        "lte_rsrp": null,
        "lte_rssi": null,
        "lte_sinr": null,
        "starlink_latency": null,
        "starlink_snr": null,
        "quality": "unknown"
      }
    },
    {
      "type": "Feature",
      "geometry": {
        "type": "Point",
        "coordinates": [
          127.21133287867406,
          34.61460170968846
        ]
      },
      "properties": {
        "timestamp": "1970-01-01 00:22:34.950998+00:00",
        "altitude": 102.32266998291016,
        "lte_rsrp": null,
        "lte_rssi": null,
        "lte_sinr": null,
        "starlink_latency": null,
        "starlink_snr": null,
        "quality": "unknown"
      }
    },
    {
      "type": "Feature",
      "geometry": {
        "type": "Point",
        "coordinates": [
          127.21133917703217,
          34.614637729169296
        ]
      },
      "properties": {
        "timestamp": "1970-01-01 00:22:35.151145+00:00",
        "altitude": 102.68562316894531,
        "lte_rsrp": null,
        "lte_rssi": null,
        "lte_sinr": null,
        "starlink_latency": null,
        "starlink_snr": null,
        "quality": "unknown"
      }
    },
    {
      "type": "Feature",
      "geometry": {
        "type": "Point",
        "coordinates": [
          127.2113453587596,
          34.614673597976875
        ]
      },
      "properties": {
        "timestamp": "1970-01-01 00:22:35.351353+00:00",
        "altitude": 103.06952667236328,
        "lte_rsrp": null,
        "lte_rssi": null,
        "lte_sinr": null,
        "starlink_latency": null,
        "starlink_snr": null,
        "quality": "unknown"
      }
    },
    {
      "type": "Feature",
      "geometry": {
        "type": "Point",
        "coordinates": [
          127.21135148655019,
          34.61470928592117
        ]
      },
      "properties": {
        "timestamp": "1970-01-01 00:22:35.551502+00:00",
        "altitude": 103.43223571777344,
        "lte_rsrp": null,
        "lte_rssi": null,
        "lte_sinr": null,
        "starlink_latency": null,
        "starlink_snr": null,
        "quality": "unknown"
      }
    },
    {
      "type": "Feature",
      "geometry": {
        "type": "Point",
        "coordinates": [
          127.21135762968542,
          34.614744897018724
        ]
      },
      "properties": {
        "timestamp": "1970-01-01 00:22:35.751679+00:00",
        "altitude": 103.83486938476562,
        "lte_rsrp": null,
        "lte_rssi": null,
        "lte_sinr": null,
        "starlink_latency": null,
        "starlink_snr": null,
        "quality": "unknown"
      }
    },
    {
      "type": "Feature",
      "geometry": {
        "type": "Point",
        "coordinates": [
          127.21136383251985,
          34.61478060005672
        ]
      },
      "properties": {
        "timestamp": "1970-01-01 00:22:35.951872+00:00",
        "altitude": 104.23230743408203,
        "lte_rsrp": null,
        "lte_rssi": null,
        "lte_sinr": null,
        "starlink_latency": null,
        "starlink_snr": null,
        "quality": "unknown"
      }
    },
    {
      "type": "Feature",
      "geometry": {
        "type": "Point",
        "coordinates": [
          127.21137017708682,
          34.6148160881982
        ]
      },
      "properties": {
        "timestamp": "1970-01-01 00:22:36.152021+00:00",
        "altitude": 104.64137268066406,
        "lte_rsrp": null,
        "lte_rssi": null,
        "lte_sinr": null,
        "starlink_latency": null,
        "starlink_snr": null,
        "quality": "unknown"
      }
    },
    {
      "type": "Feature",
      "geometry": {
        "type": "Point",
        "coordinates": [
          127.21137662053479,
          34.61485141990152
        ]
      },
      "properties": {
        "timestamp": "1970-01-01 00:22:36.352186+00:00",
        "altitude": 105.04888916015625,
        "lte_rsrp": null,
        "lte_rssi": null,
        "lte_sinr": null,
        "starlink_latency": null,
        "starlink_snr": null,
        "quality": "unknown"
      }
    },
    {
      "type": "Feature",
      "geometry": {
        "type": "Point",
        "coordinates": [
          127.21138312526259,
          34.61488647358503
        ]
      },
      "properties": {
        "timestamp": "1970-01-01 00:22:36.552349+00:00",
        "altitude": 105.444580078125,
        "lte_rsrp": null,
        "lte_rssi": null,
        "lte_sinr": null,
        "starlink_latency": null,
        "starlink_snr": null,
        "quality": "unknown"
      }
    },
    {
      "type": "Feature",
      "geometry": {
        "type": "Point",
        "coordinates": [
          127.21138967326317,
          34.6149213367988
        ]
      },
      "properties": {
        "timestamp": "1970-01-01 00:22:36.752397+00:00",
        "altitude": 105.82221221923828,
        "lte_rsrp": null,
        "lte_rssi": null,
        "lte_sinr": null,
        "starlink_latency": null,
        "starlink_snr": null,
        "quality": "unknown"
      }
    },
    {
      "type": "Feature",
      "geometry": {
        "type": "Point",
        "coordinates": [
          127.21139624961528,
          34.61495621236233
        ]
      },
      "properties": {
        "timestamp": "1970-01-01 00:22:36.952673+00:00",
        "altitude": 106.18070220947266,
        "lte_rsrp": null,
        "lte_rssi": null,
        "lte_sinr": null,
        "starlink_latency": null,
        "starlink_snr": null,
        "quality": "unknown"
      }
    },
    {
      "type": "Feature",
      "geometry": {
        "type": "Point",
        "coordinates": [
          127.21140290725874,
          34.614991059930915
        ]
      },
      "properties": {
        "timestamp": "1970-01-01 00:22:37.152861+00:00",
        "altitude": 106.52661895751953,
        "lte_rsrp": null,
        "lte_rssi": null,
        "lte_sinr": null,
        "starlink_latency": null,
        "starlink_snr": null,
        "quality": "unknown"
      }
    },
    {
      "type": "Feature",
      "geometry": {
        "type": "Point",
        "coordinates": [
          127.21140964127495,
          34.61502589652057
        ]
      },
      "properties": {
        "timestamp": "1970-01-01 00:22:37.353069+00:00",
        "altitude": 106.85270690917969,
        "lte_rsrp": null,
        "lte_rssi": null,
        "lte_sinr": null,
        "starlink_latency": null,
        "starlink_snr": null,
        "quality": "unknown"
      }
    },
    {
      "type": "Feature",
      "geometry": {
        "type": "Point",
        "coordinates": [
          127.21141638096626,
          34.6150607534192
        ]
      },
      "properties": {
        "timestamp": "1970-01-01 00:22:37.553230+00:00",
        "altitude": 107.16598510742188,
        "lte_rsrp": null,
        "lte_rssi": null,
        "lte_sinr": null,
        "starlink_latency": null,
        "starlink_snr": null,
        "quality": "unknown"
      }
    },
    {
      "type": "Feature",
      "geometry": {
        "type": "Point",
        "coordinates": [
          127.21142322112591,
          34.61509573272197
        ]
      },
      "properties": {
        "timestamp": "1970-01-01 00:22:37.753408+00:00",
        "altitude": 107.46250915527344,
        "lte_rsrp": null,
        "lte_rssi": null,
        "lte_sinr": null,
        "starlink_latency": null,
        "starlink_snr": null,
        "quality": "unknown"
      }
    },
    {
      "type": "Feature",
      "geometry": {
        "type": "Point",
        "coordinates": [
          127.21143021636345,
          34.615130996903574
        ]
      },
      "properties": {
        "timestamp": "1970-01-01 00:22:37.953586+00:00",
        "altitude": 107.71949768066406,
        "lte_rsrp": null,
        "lte_rssi": null,
        "lte_sinr": null,
        "starlink_latency": null,
        "starlink_snr": null,
        "quality": "unknown"
      }
    },
    {
      "type": "Feature",
      "geometry": {
        "type": "Point",
        "coordinates": [
          127.21143746305462,
          34.615166460334514
        ]
      },
      "properties": {
        "timestamp": "1970-01-01 00:22:38.153776+00:00",
        "altitude": 107.97543334960938,
        "lte_rsrp": null,
        "lte_rssi": null,
        "lte_sinr": null,
        "starlink_latency": null,
        "starlink_snr": null,
        "quality": "unknown"
      }
    },
    {
      "type": "Feature",
      "geometry": {
        "type": "Point",
        "coordinates": [
          127.21144484256375,
          34.61520214991184
        ]
      },
      "properties": {
        "timestamp": "1970-01-01 00:22:38.353946+00:00",
        "altitude": 108.18824768066406,
        "lte_rsrp": null,
        "lte_rssi": null,
        "lte_sinr": null,
        "starlink_latency": null,
        "starlink_snr": null,
        "quality": "unknown"
      }
    },
    {
      "type": "Feature",
      "geometry": {
        "type": "Point",
        "coordinates": [
          127.2114520369992,
          34.615238095278556
        ]
      },
      "properties": {
        "timestamp": "1970-01-01 00:22:38.554127+00:00",
        "altitude": 108.39149475097656,
        "lte_rsrp": null,
        "lte_rssi": null,
        "lte_sinr": null,
        "starlink_latency": null,
        "starlink_snr": null,
        "quality": "unknown"
      }
    },
    {
      "type": "Feature",
      "geometry": {
        "type": "Point",
        "coordinates": [
          127.21145901126121,
          34.615274244838155
        ]
      },
      "properties": {
        "timestamp": "1970-01-01 00:22:38.754284+00:00",
        "altitude": 108.623046875,
        "lte_rsrp": null,
        "lte_rssi": null,
        "lte_sinr": null,
        "starlink_latency": null,
        "starlink_snr": null,
        "quality": "unknown"
      }
    },
    {
      "type": "Feature",
      "geometry": {
        "type": "Point",
        "coordinates": [
          127.21146564121088,
          34.6153106238411
        ]
      },
      "properties": {
        "timestamp": "1970-01-01 00:22:38.954480+00:00",
        "altitude": 108.84217071533203,
        "lte_rsrp": null,
        "lte_rssi": null,
        "lte_sinr": null,
        "starlink_latency": null,
        "starlink_snr": null,
        "quality": "unknown"
      }
    },
    {
      "type": "Feature",
      "geometry": {
        "type": "Point",
        "coordinates": [
          127.21147183105379,
          34.615347136779135
        ]
      },
      "properties": {
        "timestamp": "1970-01-01 00:22:39.154682+00:00",
        "altitude": 109.06903839111328,
        "lte_rsrp": null,
        "lte_rssi": null,
        "lte_sinr": null,
        "starlink_latency": null,
        "starlink_snr": null,
        "quality": "unknown"
      }
    },
    {
      "type": "Feature",
      "geometry": {
        "type": "Point",
        "coordinates": [
          127.2114776815035,
          34.61538398729436
        ]
      },
      "properties": {
        "timestamp": "1970-01-01 00:22:39.354863+00:00",
        "altitude": 109.27088928222656,
        "lte_rsrp": null,
        "lte_rssi": null,
        "lte_sinr": null,
        "starlink_latency": null,
        "starlink_snr": null,
        "quality": "unknown"
      }
    },
    {
      "type": "Feature",
      "geometry": {
        "type": "Point",
        "coordinates": [
          127.21148318480166,
          34.61542077304146
        ]
      },
      "properties": {
        "timestamp": "1970-01-01 00:22:39.555041+00:00",
        "altitude": 109.4920425415039,
        "lte_rsrp": null,
        "lte_rssi": null,
        "lte_sinr": null,
        "starlink_latency": null,
        "starlink_snr": null,
        "quality": "unknown"
      }
    },
    {
      "type": "Feature",
      "geometry": {
        "type": "Point",
        "coordinates": [
          127.21148859214576,
          34.61545763563537
        ]
      },
      "properties": {
        "timestamp": "1970-01-01 00:22:39.755222+00:00",
        "altitude": 109.71472930908203,
        "lte_rsrp": null,
        "lte_rssi": null,
        "lte_sinr": null,
        "starlink_latency": null,
        "starlink_snr": null,
        "quality": "unknown"
      }
    },
    {
      "type": "Feature",
      "geometry": {
        "type": "Point",
        "coordinates": [
          127.21149380697659,
          34.61549319952756
        ]
      },
      "properties": {
        "timestamp": "1970-01-01 00:22:39.947925+00:00",
        "altitude": 109.92899322509766,
        "lte_rsrp": null,
        "lte_rssi": null,
        "lte_sinr": null,
        "starlink_latency": null,
        "starlink_snr": null,
        "quality": "unknown"
      }
    },
    {
      "type": "Feature",
      "geometry": {
        "type": "Point",
        "coordinates": [
          127.21149993201931,
          34.61553291036976
        ]
      },
      "properties": {
        "timestamp": "1970-01-01 00:22:40.158098+00:00",
        "altitude": 110.19026184082031,
        "lte_rsrp": null,
        "lte_rssi": null,
        "lte_sinr": null,
        "starlink_latency": null,
        "starlink_snr": null,
        "quality": "unknown"
      }
    },
    {
      "type": "Feature",
      "geometry": {
        "type": "Point",
        "coordinates": [
          127.21150611624527,
          34.61557122645033
        ]
      },
      "properties": {
        "timestamp": "1970-01-01 00:22:40.358268+00:00",
        "altitude": 110.43511199951172,
        "lte_rsrp": null,
        "lte_rssi": null,
        "lte_sinr": null,
        "starlink_latency": null,
        "starlink_snr": null,
        "quality": "unknown"
      }
    },
    {
      "type": "Feature",
      "geometry": {
        "type": "Point",
        "coordinates": [
          127.21151221516735,
          34.61560771194191
        ]
      },
      "properties": {
        "timestamp": "1970-01-01 00:22:40.548597+00:00",
        "altitude": 110.67137908935547,
        "lte_rsrp": null,
        "lte_rssi": null,
        "lte_sinr": null,
        "starlink_latency": null,
        "starlink_snr": null,
        "quality": "unknown"
      }
    },
    {
      "type": "Feature",
      "geometry": {
        "type": "Point",
        "coordinates": [
          127.2115189742485,
          34.615646089494405
        ]
      },
      "properties": {
        "timestamp": "1970-01-01 00:22:40.748594+00:00",
        "altitude": 110.95950317382812,
        "lte_rsrp": null,
        "lte_rssi": null,
        "lte_sinr": null,
        "starlink_latency": null,
        "starlink_snr": null,
        "quality": "unknown"
      }
    },
    {
      "type": "Feature",
      "geometry": {
        "type": "Point",
        "coordinates": [
          127.21152599137172,
          34.615684670687244
        ]
      },
      "properties": {
        "timestamp": "1970-01-01 00:22:40.948908+00:00",
        "altitude": 111.26659393310547,
        "lte_rsrp": null,
        "lte_rssi": null,
        "lte_sinr": null,
        "starlink_latency": null,
        "starlink_snr": null,
        "quality": "unknown"
      }
    },
    {
      "type": "Feature",
      "geometry": {
        "type": "Point",
        "coordinates": [
          127.21153316715915,
          34.615723460461325
        ]
      },
      "properties": {
        "timestamp": "1970-01-01 00:22:41.148879+00:00",
        "altitude": 111.55110931396484,
        "lte_rsrp": null,
        "lte_rssi": null,
        "lte_sinr": null,
        "starlink_latency": null,
        "starlink_snr": null,
        "quality": "unknown"
      }
    },
    {
      "type": "Feature",
      "geometry": {
        "type": "Point",
        "coordinates": [
          127.21154048135111,
          34.6157623973397
        ]
      },
      "properties": {
        "timestamp": "1970-01-01 00:22:41.349366+00:00",
        "altitude": 111.84239959716797,
        "lte_rsrp": null,
        "lte_rssi": null,
        "lte_sinr": null,
        "starlink_latency": null,
        "starlink_snr": null,
        "quality": "unknown"
      }
    },
    {
      "type": "Feature",
      "geometry": {
        "type": "Point",
        "coordinates": [
          127.21154802148347,
          34.61580113715985
        ]
      },
      "properties": {
        "timestamp": "1970-01-01 00:22:41.549282+00:00",
        "altitude": 112.12657165527344,
        "lte_rsrp": null,
        "lte_rssi": null,
        "lte_sinr": null,
        "starlink_latency": null,
        "starlink_snr": null,
        "quality": "unknown"
      }
    },
    {
      "type": "Feature",
      "geometry": {
        "type": "Point",
        "coordinates": [
          127.21155568134387,
          34.61583986874505
        ]
      },
      "properties": {
        "timestamp": "1970-01-01 00:22:41.749576+00:00",
        "altitude": 112.4123764038086,
        "lte_rsrp": null,
        "lte_rssi": null,
        "lte_sinr": null,
        "starlink_latency": null,
        "starlink_snr": null,
        "quality": "unknown"
      }
    },
    {
      "type": "Feature",
      "geometry": {
        "type": "Point",
        "coordinates": [
          127.21156348536303,
          34.61587882428073
        ]
      },
      "properties": {
        "timestamp": "1970-01-01 00:22:41.949556+00:00",
        "altitude": 112.70719146728516,
        "lte_rsrp": null,
        "lte_rssi": null,
        "lte_sinr": null,
        "starlink_latency": null,
        "starlink_snr": null,
        "quality": "unknown"
      }
    },
    {
      "type": "Feature",
      "geometry": {
        "type": "Point",
        "coordinates": [
          127.21157146855703,
          34.61591799278854
        ]
      },
      "properties": {
        "timestamp": "1970-01-01 00:22:42.149716+00:00",
        "altitude": 112.99046325683594,
        "lte_rsrp": null,
        "lte_rssi": null,
        "lte_sinr": null,
        "starlink_latency": null,
        "starlink_snr": null,
        "quality": "unknown"
      }
    },
    {
      "type": "Feature",
      "geometry": {
        "type": "Point",
        "coordinates": [
          127.21157954713658,
          34.61595725680403
        ]
      },
      "properties": {
        "timestamp": "1970-01-01 00:22:42.349906+00:00",
        "altitude": 113.28877258300781,
        "lte_rsrp": null,
        "lte_rssi": null,
        "lte_sinr": null,
        "starlink_latency": null,
        "starlink_snr": null,
        "quality": "unknown"
      }
    },
    {
      "type": "Feature",
      "geometry": {
        "type": "Point",
        "coordinates": [
          127.21158773685866,
          34.61599658943087
        ]
      },
      "properties": {
        "timestamp": "1970-01-01 00:22:42.550115+00:00",
        "altitude": 113.62296295166016,
        "lte_rsrp": null,
        "lte_rssi": null,
        "lte_sinr": null,
        "starlink_latency": null,
        "starlink_snr": null,
        "quality": "unknown"
      }
    },
    {
      "type": "Feature",
      "geometry": {
        "type": "Point",
        "coordinates": [
          127.21159592767054,
          34.616035779342525
        ]
      },
      "properties": {
        "timestamp": "1970-01-01 00:22:42.750282+00:00",
        "altitude": 113.98963928222656,
        "lte_rsrp": null,
        "lte_rssi": null,
        "lte_sinr": null,
        "starlink_latency": null,
        "starlink_snr": null,
        "quality": "unknown"
      }
    },
    {
      "type": "Feature",
      "geometry": {
        "type": "Point",
        "coordinates": [
          127.21160410365073,
          34.616075024144
        ]
      },
      "properties": {
        "timestamp": "1970-01-01 00:22:42.950502+00:00",
        "altitude": 114.3623046875,
        "lte_rsrp": null,
        "lte_rssi": null,
        "lte_sinr": null,
        "starlink_latency": null,
        "starlink_snr": null,
        "quality": "unknown"
      }
    },
    {
      "type": "Feature",
      "geometry": {
        "type": "Point",
        "coordinates": [
          127.21161215824961,
          34.61611425632122
        ]
      },
      "properties": {
        "timestamp": "1970-01-01 00:22:43.150660+00:00",
        "altitude": 114.77108764648438,
        "lte_rsrp": null,
        "lte_rssi": null,
        "lte_sinr": null,
        "starlink_latency": null,
        "starlink_snr": null,
        "quality": "unknown"
      }
    },
    {
      "type": "Feature",
      "geometry": {
        "type": "Point",
        "coordinates": [
          127.21161998308308,
          34.61615340836016
        ]
      },
      "properties": {
        "timestamp": "1970-01-01 00:22:43.350823+00:00",
        "altitude": 115.20857238769531,
        "lte_rsrp": null,
        "lte_rssi": null,
        "lte_sinr": null,
        "starlink_latency": null,
        "starlink_snr": null,
        "quality": "unknown"
      }
    },
    {
      "type": "Feature",
      "geometry": {
        "type": "Point",
        "coordinates": [
          127.2116275562232,
          34.61619240835486
        ]
      },
      "properties": {
        "timestamp": "1970-01-01 00:22:43.550993+00:00",
        "altitude": 115.6331787109375,
        "lte_rsrp": null,
        "lte_rssi": null,
        "lte_sinr": null,
        "starlink_latency": null,
        "starlink_snr": null,
        "quality": "unknown"
      }
    },
    {
      "type": "Feature",
      "geometry": {
        "type": "Point",
        "coordinates": [
          127.21163458769533,
          34.61623065800435
        ]
      },
      "properties": {
        "timestamp": "1970-01-01 00:22:43.751160+00:00",
        "altitude": 116.05293273925781,
        "lte_rsrp": null,
        "lte_rssi": null,
        "lte_sinr": null,
        "starlink_latency": null,
        "starlink_snr": null,
        "quality": "unknown"
      }
    },
    {
      "type": "Feature",
      "geometry": {
        "type": "Point",
        "coordinates": [
          127.21164144548966,
          34.616267292784265
        ]
      },
      "properties": {
        "timestamp": "1970-01-01 00:22:43.951300+00:00",
        "altitude": 116.40573120117188,
        "lte_rsrp": null,
        "lte_rssi": null,
        "lte_sinr": null,
        "starlink_latency": null,
        "starlink_snr": null,
        "quality": "unknown"
      }
    },
    {
      "type": "Feature",
      "geometry": {
        "type": "Point",
        "coordinates": [
          127.2116487042312,
          34.6163044374905
        ]
      },
      "properties": {
        "timestamp": "1970-01-01 00:22:44.151496+00:00",
        "altitude": 116.68094635009766,
        "lte_rsrp": null,
        "lte_rssi": null,
        "lte_sinr": null,
        "starlink_latency": null,
        "starlink_snr": null,
        "quality": "unknown"
      }
    },
    {
      "type": "Feature",
      "geometry": {
        "type": "Point",
        "coordinates": [
          127.21165608954183,
          34.61634190879209
        ]
      },
      "properties": {
        "timestamp": "1970-01-01 00:22:44.351732+00:00",
        "altitude": 116.96852111816406,
        "lte_rsrp": null,
        "lte_rssi": null,
        "lte_sinr": null,
        "starlink_latency": null,
        "starlink_snr": null,
        "quality": "unknown"
      }
    },
    {
      "type": "Feature",
      "geometry": {
        "type": "Point",
        "coordinates": [
          127.21166336772589,
          34.616379340024295
        ]
      },
      "properties": {
        "timestamp": "1970-01-01 00:22:44.551941+00:00",
        "altitude": 117.22156524658203,
        "lte_rsrp": null,
        "lte_rssi": null,
        "lte_sinr": null,
        "starlink_latency": null,
        "starlink_snr": null,
        "quality": "unknown"
      }
    },
    {
      "type": "Feature",
      "geometry": {
        "type": "Point",
        "coordinates": [
          127.21167061682065,
          34.61641683657573
        ]
      },
      "properties": {
        "timestamp": "1970-01-01 00:22:44.752136+00:00",
        "altitude": 117.4197769165039,
        "lte_rsrp": null,
        "lte_rssi": null,
        "lte_sinr": null,
        "starlink_latency": null,
        "starlink_snr": null,
        "quality": "unknown"
      }
    },
    {
      "type": "Feature",
      "geometry": {
        "type": "Point",
        "coordinates": [
          127.21167797814262,
          34.6164544934052
        ]
      },
      "properties": {
        "timestamp": "1970-01-01 00:22:44.954752+00:00",
        "altitude": 117.61776733398438,
        "lte_rsrp": null,
        "lte_rssi": null,
        "lte_sinr": null,
        "starlink_latency": null,
        "starlink_snr": null,
        "quality": "unknown"
      }
    },
    {
      "type": "Feature",
      "geometry": {
        "type": "Point",
        "coordinates": [
          127.21168526526581,
          34.6164918225402
        ]
      },
      "properties": {
        "timestamp": "1970-01-01 00:22:45.154954+00:00",
        "altitude": 117.81755828857422,
        "lte_rsrp": null,
        "lte_rssi": null,
        "lte_sinr": null,
        "starlink_latency": null,
        "starlink_snr": null,
        "quality": "unknown"
      }
    },
    {
      "type": "Feature",
      "geometry": {
        "type": "Point",
        "coordinates": [
          127.21169235788601,
          34.616528940898064
        ]
      },
      "properties": {
        "timestamp": "1970-01-01 00:22:45.355158+00:00",
        "altitude": 117.98651123046875,
        "lte_rsrp": null,
        "lte_rssi": null,
        "lte_sinr": null,
        "starlink_latency": null,
        "starlink_snr": null,
        "quality": "unknown"
      }
    },
    {
      "type": "Feature",
      "geometry": {
        "type": "Point",
        "coordinates": [
          127.21169933253921,
          34.6165659121508
        ]
      },
      "properties": {
        "timestamp": "1970-01-01 00:22:45.555302+00:00",
        "altitude": 118.15042114257812,
        "lte_rsrp": null,
        "lte_rssi": null,
        "lte_sinr": null,
        "starlink_latency": null,
        "starlink_snr": null,
        "quality": "unknown"
      }
    },
    {
      "type": "Feature",
      "geometry": {
        "type": "Point",
        "coordinates": [
          127.2117063491357,
          34.61660295256444
        ]
      },
      "properties": {
        "timestamp": "1970-01-01 00:22:45.755448+00:00",
        "altitude": 118.29041290283203,
        "lte_rsrp": null,
        "lte_rssi": null,
        "lte_sinr": null,
        "starlink_latency": null,
        "starlink_snr": null,
        "quality": "unknown"
      }
    },
    {
      "type": "Feature",
      "geometry": {
        "type": "Point",
        "coordinates": [
          127.21171332179853,
          34.61663978713971
        ]
      },
      "properties": {
        "timestamp": "1970-01-01 00:22:45.955580+00:00",
        "altitude": 118.42922973632812,
        "lte_rsrp": null,
        "lte_rssi": null,
        "lte_sinr": null,
        "starlink_latency": null,
        "starlink_snr": null,
        "quality": "unknown"
      }
    },
    {
      "type": "Feature",
      "geometry": {
        "type": "Point",
        "coordinates": [
          127.21172023718853,
          34.6166764499087
        ]
      },
      "properties": {
        "timestamp": "1970-01-01 00:22:46.155758+00:00",
        "altitude": 118.57196044921875,
        "lte_rsrp": null,
        "lte_rssi": null,
        "lte_sinr": null,
        "starlink_latency": null,
        "starlink_snr": null,
        "quality": "unknown"
      }
    },
    {
      "type": "Feature",
      "geometry": {
        "type": "Point",
        "coordinates": [
          127.21172706537583,
          34.61671300125094
        ]
      },
      "properties": {
        "timestamp": "1970-01-01 00:22:46.355963+00:00",
        "altitude": 118.70064544677734,
        "lte_rsrp": null,
        "lte_rssi": null,
        "lte_sinr": null,
        "starlink_latency": null,
        "starlink_snr": null,
        "quality": "unknown"
      }
    },
    {
      "type": "Feature",
      "geometry": {
        "type": "Point",
        "coordinates": [
          127.21173386555466,
          34.61674944830164
        ]
      },
      "properties": {
        "timestamp": "1970-01-01 00:22:46.556113+00:00",
        "altitude": 118.7988510131836,
        "lte_rsrp": null,
        "lte_rssi": null,
        "lte_sinr": null,
        "starlink_latency": null,
        "starlink_snr": null,
        "quality": "unknown"
      }
    },
    {
      "type": "Feature",
      "geometry": {
        "type": "Point",
        "coordinates": [
          127.21174077762433,
          34.61678585637881
        ]
      },
      "properties": {
        "timestamp": "1970-01-01 00:22:46.756256+00:00",
        "altitude": 118.93211364746094,
        "lte_rsrp": null,
        "lte_rssi": null,
        "lte_sinr": null,
        "starlink_latency": null,
        "starlink_snr": null,
        "quality": "unknown"
      }
    },
    {
      "type": "Feature",
      "geometry": {
        "type": "Point",
        "coordinates": [
          127.21174745047986,
          34.61682049754126
        ]
      },
      "properties": {
        "timestamp": "1970-01-01 00:22:46.946626+00:00",
        "altitude": 119.07064819335938,
        "lte_rsrp": null,
        "lte_rssi": null,
        "lte_sinr": null,
        "starlink_latency": null,
        "starlink_snr": null,
        "quality": "unknown"
      }
    },
    {
      "type": "Feature",
      "geometry": {
        "type": "Point",
        "coordinates": [
          127.21175489225504,
          34.61685896619189
        ]
      },
      "properties": {
        "timestamp": "1970-01-01 00:22:47.156596+00:00",
        "altitude": 119.23965454101562,
        "lte_rsrp": null,
        "lte_rssi": null,
        "lte_sinr": null,
        "starlink_latency": null,
        "starlink_snr": null,
        "quality": "unknown"
      }
    },
    {
      "type": "Feature",
      "geometry": {
        "type": "Point",
        "coordinates": [
          127.21176196167266,
          34.61689579472552
        ]
      },
      "properties": {
        "timestamp": "1970-01-01 00:22:47.356814+00:00",
        "altitude": 119.39713287353516,
        "lte_rsrp": null,
        "lte_rssi": null,
        "lte_sinr": null,
        "starlink_latency": null,
        "starlink_snr": null,
        "quality": "unknown"
      }
    },
    {
      "type": "Feature",
      "geometry": {
        "type": "Point",
        "coordinates": [
          127.21176892546576,
          34.61693275499636
        ]
      },
      "properties": {
        "timestamp": "1970-01-01 00:22:47.556992+00:00",
        "altitude": 119.5488510131836,
        "lte_rsrp": null,
        "lte_rssi": null,
        "lte_sinr": null,
        "starlink_latency": null,
        "starlink_snr": null,
        "quality": "unknown"
      }
    },
    {
      "type": "Feature",
      "geometry": {
        "type": "Point",
        "coordinates": [
          127.21177567365822,
          34.61696931127681
        ]
      },
      "properties": {
        "timestamp": "1970-01-01 00:22:47.757165+00:00",
        "altitude": 119.74458312988281,
        "lte_rsrp": null,
        "lte_rssi": null,
        "lte_sinr": null,
        "starlink_latency": null,
        "starlink_snr": null,
        "quality": "unknown"
      }
    },
    {
      "type": "Feature",
      "geometry": {
        "type": "Point",
        "coordinates": [
          127.21178176925537,
          34.61700278437894
        ]
      },
      "properties": {
        "timestamp": "1970-01-01 00:22:47.947292+00:00",
        "altitude": 119.91764831542969,
        "lte_rsrp": null,
        "lte_rssi": null,
        "lte_sinr": null,
        "starlink_latency": null,
        "starlink_snr": null,
        "quality": "unknown"
      }
    },
    {
      "type": "Feature",
      "geometry": {
        "type": "Point",
        "coordinates": [
          127.21178832102942,
          34.61703904864462
        ]
      },
      "properties": {
        "timestamp": "1970-01-01 00:22:48.147680+00:00",
        "altitude": 120.08869934082031,
        "lte_rsrp": null,
        "lte_rssi": null,
        "lte_sinr": null,
        "starlink_latency": null,
        "starlink_snr": null,
        "quality": "unknown"
      }
    },
    {
      "type": "Feature",
      "geometry": {
        "type": "Point",
        "coordinates": [
          127.21179489157365,
          34.61707569384798
        ]
      },
      "properties": {
        "timestamp": "1970-01-01 00:22:48.347739+00:00",
        "altitude": 120.2721176147461,
        "lte_rsrp": null,
        "lte_rssi": null,
        "lte_sinr": null,
        "starlink_latency": null,
        "starlink_snr": null,
        "quality": "unknown"
      }
    },
    {
      "type": "Feature",
      "geometry": {
        "type": "Point",
        "coordinates": [
          127.21180160530233,
          34.617114208062034
        ]
      },
      "properties": {
        "timestamp": "1970-01-01 00:22:48.557881+00:00",
        "altitude": 120.47112274169922,
        "lte_rsrp": null,
        "lte_rssi": null,
        "lte_sinr": null,
        "starlink_latency": null,
        "starlink_snr": null,
        "quality": "unknown"
      }
    },
    {
      "type": "Feature",
      "geometry": {
        "type": "Point",
        "coordinates": [
          127.21180777383584,
          34.61715084229075
        ]
      },
      "properties": {
        "timestamp": "1970-01-01 00:22:48.758046+00:00",
        "altitude": 120.66168212890625,
        "lte_rsrp": null,
        "lte_rssi": null,
        "lte_sinr": null,
        "starlink_latency": null,
        "starlink_snr": null,
        "quality": "unknown"
      }
    },
    {
      "type": "Feature",
      "geometry": {
        "type": "Point",
        "coordinates": [
          127.21181360911405,
          34.61718611798926
        ]
      },
      "properties": {
        "timestamp": "1970-01-01 00:22:48.948428+00:00",
        "altitude": 120.90919494628906,
        "lte_rsrp": null,
        "lte_rssi": null,
        "lte_sinr": null,
        "starlink_latency": null,
        "starlink_snr": null,
        "quality": "unknown"
      }
    },
    {
      "type": "Feature",
      "geometry": {
        "type": "Point",
        "coordinates": [
          127.21181991665486,
          34.6172237045615
        ]
      },
      "properties": {
        "timestamp": "1970-01-01 00:22:49.148385+00:00",
        "altitude": 121.214111328125,
        "lte_rsrp": null,
        "lte_rssi": null,
        "lte_sinr": null,
        "starlink_latency": null,
        "starlink_snr": null,
        "quality": "unknown"
      }
    },
    {
      "type": "Feature",
      "geometry": {
        "type": "Point",
        "coordinates": [
          127.21182637169524,
          34.61726179063304
        ]
      },
      "properties": {
        "timestamp": "1970-01-01 00:22:49.348746+00:00",
        "altitude": 121.52861785888672,
        "lte_rsrp": null,
        "lte_rssi": null,
        "lte_sinr": null,
        "starlink_latency": null,
        "starlink_snr": null,
        "quality": "unknown"
      }
    },
    {
      "type": "Feature",
      "geometry": {
        "type": "Point",
        "coordinates": [
          127.21183293621384,
          34.61730013304048
        ]
      },
      "properties": {
        "timestamp": "1970-01-01 00:22:49.551352+00:00",
        "altitude": 121.85942077636719,
        "lte_rsrp": null,
        "lte_rssi": null,
        "lte_sinr": null,
        "starlink_latency": null,
        "starlink_snr": null,
        "quality": "unknown"
      }
    },
    {
      "type": "Feature",
      "geometry": {
        "type": "Point",
        "coordinates": [
          127.21183936958666,
          34.61733805334304
        ]
      },
      "properties": {
        "timestamp": "1970-01-01 00:22:49.751699+00:00",
        "altitude": 122.20874786376953,
        "lte_rsrp": null,
        "lte_rssi": null,
        "lte_sinr": null,
        "starlink_latency": null,
        "starlink_snr": null,
        "quality": "unknown"
      }
    },
    {
      "type": "Feature",
      "geometry": {
        "type": "Point",
        "coordinates": [
          127.21184560968538,
          34.61737456296827
        ]
      },
      "properties": {
        "timestamp": "1970-01-01 00:22:49.951665+00:00",
        "altitude": 122.59589385986328,
        "lte_rsrp": null,
        "lte_rssi": null,
        "lte_sinr": null,
        "starlink_latency": null,
        "starlink_snr": null,
        "quality": "unknown"
      }
    },
    {
      "type": "Feature",
      "geometry": {
        "type": "Point",
        "coordinates": [
          127.211851988189,
          34.617411107172565
        ]
      },
      "properties": {
        "timestamp": "1970-01-01 00:22:50.149616+00:00",
        "altitude": 123.0258560180664,
        "lte_rsrp": null,
        "lte_rssi": null,
        "lte_sinr": null,
        "starlink_latency": null,
        "starlink_snr": null,
        "quality": "unknown"
      }
    },
    {
      "type": "Feature",
      "geometry": {
        "type": "Point",
        "coordinates": [
          127.21185870563244,
          34.617449158109864
        ]
      },
      "properties": {
        "timestamp": "1970-01-01 00:22:50.349536+00:00",
        "altitude": 123.46662139892578,
        "lte_rsrp": null,
        "lte_rssi": null,
        "lte_sinr": null,
        "starlink_latency": null,
        "starlink_snr": null,
        "quality": "unknown"
      }
    },
    {
      "type": "Feature",
      "geometry": {
        "type": "Point",
        "coordinates": [
          127.21186543258699,
          34.61748723813852
        ]
      },
      "properties": {
        "timestamp": "1970-01-01 00:22:50.549951+00:00",
        "altitude": 123.92852783203125,
        "lte_rsrp": null,
        "lte_rssi": null,
        "lte_sinr": null,
        "starlink_latency": null,
        "starlink_snr": null,
        "quality": "unknown"
      }
    },
    {
      "type": "Feature",
      "geometry": {
        "type": "Point",
        "coordinates": [
          127.2118721882283,
          34.61752533682918
        ]
      },
      "properties": {
        "timestamp": "1970-01-01 00:22:50.749967+00:00",
        "altitude": 124.39104461669922,
        "lte_rsrp": null,
        "lte_rssi": null,
        "lte_sinr": null,
        "starlink_latency": null,
        "starlink_snr": null,
        "quality": "unknown"
      }
    },
    {
      "type": "Feature",
      "geometry": {
        "type": "Point",
        "coordinates": [
          127.2118790194167,
          34.617563748392996
        ]
      },
      "properties": {
        "timestamp": "1970-01-01 00:22:50.949994+00:00",
        "altitude": 124.83692169189453,
        "lte_rsrp": null,
        "lte_rssi": null,
        "lte_sinr": null,
        "starlink_latency": null,
        "starlink_snr": null,
        "quality": "unknown"
      }
    },
    {
      "type": "Feature",
      "geometry": {
        "type": "Point",
        "coordinates": [
          127.21188606371544,
          34.617602325722615
        ]
      },
      "properties": {
        "timestamp": "1970-01-01 00:22:51.150182+00:00",
        "altitude": 125.24345397949219,
        "lte_rsrp": null,
        "lte_rssi": null,
        "lte_sinr": null,
        "starlink_latency": null,
        "starlink_snr": null,
        "quality": "unknown"
      }
    },
    {
      "type": "Feature",
      "geometry": {
        "type": "Point",
        "coordinates": [
          127.21189312994368,
          34.61764064342079
        ]
      },
      "properties": {
        "timestamp": "1970-01-01 00:22:51.350507+00:00",
        "altitude": 125.6365737915039,
        "lte_rsrp": null,
        "lte_rssi": null,
        "lte_sinr": null,
        "starlink_latency": null,
        "starlink_snr": null,
        "quality": "unknown"
      }
    },
    {
      "type": "Feature",
      "geometry": {
        "type": "Point",
        "coordinates": [
          127.21190006494307,
          34.61767858237737
        ]
      },
      "properties": {
        "timestamp": "1970-01-01 00:22:51.550486+00:00",
        "altitude": 126.01364135742188,
        "lte_rsrp": null,
        "lte_rssi": null,
        "lte_sinr": null,
        "starlink_latency": null,
        "starlink_snr": null,
        "quality": "unknown"
      }
    },
    {
      "type": "Feature",
      "geometry": {
        "type": "Point",
        "coordinates": [
          127.21190696250903,
          34.61771619803049
        ]
      },
      "properties": {
        "timestamp": "1970-01-01 00:22:51.750815+00:00",
        "altitude": 126.35433959960938,
        "lte_rsrp": null,
        "lte_rssi": null,
        "lte_sinr": null,
        "starlink_latency": null,
        "starlink_snr": null,
        "quality": "unknown"
      }
    },
    {
      "type": "Feature",
      "geometry": {
        "type": "Point",
        "coordinates": [
          127.21191385583168,
          34.61775396463141
        ]
      },
      "properties": {
        "timestamp": "1970-01-01 00:22:51.950861+00:00",
        "altitude": 126.61840057373047,
        "lte_rsrp": null,
        "lte_rssi": null,
        "lte_sinr": null,
        "starlink_latency": null,
        "starlink_snr": null,
        "quality": "unknown"
      }
    },
    {
      "type": "Feature",
      "geometry": {
        "type": "Point",
        "coordinates": [
          127.21192084337628,
          34.61779197329683
        ]
      },
      "properties": {
        "timestamp": "1970-01-01 00:22:52.150995+00:00",
        "altitude": 126.82328033447266,
        "lte_rsrp": null,
        "lte_rssi": null,
        "lte_sinr": null,
        "starlink_latency": null,
        "starlink_snr": null,
        "quality": "unknown"
      }
    },
    {
      "type": "Feature",
      "geometry": {
        "type": "Point",
        "coordinates": [
          127.21192779874072,
          34.617829711353366
        ]
      },
      "properties": {
        "timestamp": "1970-01-01 00:22:52.351152+00:00",
        "altitude": 126.9532699584961,
        "lte_rsrp": null,
        "lte_rssi": null,
        "lte_sinr": null,
        "starlink_latency": null,
        "starlink_snr": null,
        "quality": "unknown"
      }
    },
    {
      "type": "Feature",
      "geometry": {
        "type": "Point",
        "coordinates": [
          127.21193466889996,
          34.6178672040511
        ]
      },
      "properties": {
        "timestamp": "1970-01-01 00:22:52.551404+00:00",
        "altitude": 127.06293487548828,
        "lte_rsrp": null,
        "lte_rssi": null,
        "lte_sinr": null,
        "starlink_latency": null,
        "starlink_snr": null,
        "quality": "unknown"
      }
    },
    {
      "type": "Feature",
      "geometry": {
        "type": "Point",
        "coordinates": [
          127.21194147578295,
          34.61790456995273
        ]
      },
      "properties": {
        "timestamp": "1970-01-01 00:22:52.751544+00:00",
        "altitude": 127.1960678100586,
        "lte_rsrp": null,
        "lte_rssi": null,
        "lte_sinr": null,
        "starlink_latency": null,
        "starlink_snr": null,
        "quality": "unknown"
      }
    },
    {
      "type": "Feature",
      "geometry": {
        "type": "Point",
        "coordinates": [
          127.2119481654497,
          34.61794196824056
        ]
      },
      "properties": {
        "timestamp": "1970-01-01 00:22:52.951758+00:00",
        "altitude": 127.38492584228516,
        "lte_rsrp": null,
        "lte_rssi": null,
        "lte_sinr": null,
        "starlink_latency": null,
        "starlink_snr": null,
        "quality": "unknown"
      }
    },
    {
      "type": "Feature",
      "geometry": {
        "type": "Point",
        "coordinates": [
          127.21195480534715,
          34.617979280350916
        ]
      },
      "properties": {
        "timestamp": "1970-01-01 00:22:53.151984+00:00",
        "altitude": 127.55802154541016,
        "lte_rsrp": null,
        "lte_rssi": null,
        "lte_sinr": null,
        "starlink_latency": null,
        "starlink_snr": null,
        "quality": "unknown"
      }
    },
    {
      "type": "Feature",
      "geometry": {
        "type": "Point",
        "coordinates": [
          127.21196137296016,
          34.618016258729114
        ]
      },
      "properties": {
        "timestamp": "1970-01-01 00:22:53.352067+00:00",
        "altitude": 127.70206451416016,
        "lte_rsrp": null,
        "lte_rssi": null,
        "lte_sinr": null,
        "starlink_latency": null,
        "starlink_snr": null,
        "quality": "unknown"
      }
    },
    {
      "type": "Feature",
      "geometry": {
        "type": "Point",
        "coordinates": [
          127.21196786653931,
          34.61805299613968
        ]
      },
      "properties": {
        "timestamp": "1970-01-01 00:22:53.552243+00:00",
        "altitude": 127.87603759765625,
        "lte_rsrp": null,
        "lte_rssi": null,
        "lte_sinr": null,
        "starlink_latency": null,
        "starlink_snr": null,
        "quality": "unknown"
      }
    },
    {
      "type": "Feature",
      "geometry": {
        "type": "Point",
        "coordinates": [
          127.21197433961125,
          34.61808955405908
        ]
      },
      "properties": {
        "timestamp": "1970-01-01 00:22:53.752459+00:00",
        "altitude": 128.03811645507812,
        "lte_rsrp": null,
        "lte_rssi": null,
        "lte_sinr": null,
        "starlink_latency": null,
        "starlink_snr": null,
        "quality": "unknown"
      }
    },
    {
      "type": "Feature",
      "geometry": {
        "type": "Point",
        "coordinates": [
          127.21198085304191,
          34.61812612405351
        ]
      },
      "properties": {
        "timestamp": "1970-01-01 00:22:53.952564+00:00",
        "altitude": 128.21878051757812,
        "lte_rsrp": null,
        "lte_rssi": null,
        "lte_sinr": null,
        "starlink_latency": null,
        "starlink_snr": null,
        "quality": "unknown"
      }
    },
    {
      "type": "Feature",
      "geometry": {
        "type": "Point",
        "coordinates": [
          127.21198742700686,
          34.61816265836824
        ]
      },
      "properties": {
        "timestamp": "1970-01-01 00:22:54.152779+00:00",
        "altitude": 128.40321350097656,
        "lte_rsrp": null,
        "lte_rssi": null,
        "lte_sinr": null,
        "starlink_latency": null,
        "starlink_snr": null,
        "quality": "unknown"
      }
    },
    {
      "type": "Feature",
      "geometry": {
        "type": "Point",
        "coordinates": [
          127.21199399614176,
          34.618199181155724
        ]
      },
      "properties": {
        "timestamp": "1970-01-01 00:22:54.352992+00:00",
        "altitude": 128.57481384277344,
        "lte_rsrp": null,
        "lte_rssi": null,
        "lte_sinr": null,
        "starlink_latency": null,
        "starlink_snr": null,
        "quality": "unknown"
      }
    },
    {
      "type": "Feature",
      "geometry": {
        "type": "Point",
        "coordinates": [
          127.21200052942966,
          34.61823558263587
        ]
      },
      "properties": {
        "timestamp": "1970-01-01 00:22:54.553124+00:00",
        "altitude": 128.72933959960938,
        "lte_rsrp": null,
        "lte_rssi": null,
        "lte_sinr": null,
        "starlink_latency": null,
        "starlink_snr": null,
        "quality": "unknown"
      }
    },
    {
      "type": "Feature",
      "geometry": {
        "type": "Point",
        "coordinates": [
          127.21200705571744,
          34.61827184414564
        ]
      },
      "properties": {
        "timestamp": "1970-01-01 00:22:54.753287+00:00",
        "altitude": 128.8778076171875,
        "lte_rsrp": null,
        "lte_rssi": null,
        "lte_sinr": null,
        "starlink_latency": null,
        "starlink_snr": null,
        "quality": "unknown"
      }
    },
    {
      "type": "Feature",
      "geometry": {
        "type": "Point",
        "coordinates": [
          127.21201353482253,
          34.618308168779386
        ]
      },
      "properties": {
        "timestamp": "1970-01-01 00:22:54.953514+00:00",
        "altitude": 129.03414916992188,
        "lte_rsrp": null,
        "lte_rssi": null,
        "lte_sinr": null,
        "starlink_latency": null,
        "starlink_snr": null,
        "quality": "unknown"
      }
    },
    {
      "type": "Feature",
      "geometry": {
        "type": "Point",
        "coordinates": [
          127.21201996841093,
          34.618344475848474
        ]
      },
      "properties": {
        "timestamp": "1970-01-01 00:22:55.153693+00:00",
        "altitude": 129.17578125,
        "lte_rsrp": null,
        "lte_rssi": null,
        "lte_sinr": null,
        "starlink_latency": null,
        "starlink_snr": null,
        "quality": "unknown"
      }
    },
    {
      "type": "Feature",
      "geometry": {
        "type": "Point",
        "coordinates": [
          127.21202628928317,
          34.61838075931577
        ]
      },
      "properties": {
        "timestamp": "1970-01-01 00:22:55.353943+00:00",
        "altitude": 129.32127380371094,
        "lte_rsrp": null,
        "lte_rssi": null,
        "lte_sinr": null,
        "starlink_latency": null,
        "starlink_snr": null,
        "quality": "unknown"
      }
    },
    {
      "type": "Feature",
      "geometry": {
        "type": "Point",
        "coordinates": [
          127.2120324972711,
          34.61841694507948
        ]
      },
      "properties": {
        "timestamp": "1970-01-01 00:22:55.554153+00:00",
        "altitude": 129.47579956054688,
        "lte_rsrp": null,
        "lte_rssi": null,
        "lte_sinr": null,
        "starlink_latency": null,
        "starlink_snr": null,
        "quality": "unknown"
      }
    },
    {
      "type": "Feature",
      "geometry": {
        "type": "Point",
        "coordinates": [
          127.21203868075325,
          34.61845317255976
        ]
      },
      "properties": {
        "timestamp": "1970-01-01 00:22:55.754208+00:00",
        "altitude": 129.64508056640625,
        "lte_rsrp": null,
        "lte_rssi": null,
        "lte_sinr": null,
        "starlink_latency": null,
        "starlink_snr": null,
        "quality": "unknown"
      }
    },
    {
      "type": "Feature",
      "geometry": {
        "type": "Point",
        "coordinates": [
          127.21204486324409,
          34.61848960972043
        ]
      },
      "properties": {
        "timestamp": "1970-01-01 00:22:55.954493+00:00",
        "altitude": 129.82388305664062,
        "lte_rsrp": null,
        "lte_rssi": null,
        "lte_sinr": null,
        "starlink_latency": null,
        "starlink_snr": null,
        "quality": "unknown"
      }
    },
    {
      "type": "Feature",
      "geometry": {
        "type": "Point",
        "coordinates": [
          127.21205110677202,
          34.6185261561116
        ]
      },
      "properties": {
        "timestamp": "1970-01-01 00:22:56.154565+00:00",
        "altitude": 130.0082244873047,
        "lte_rsrp": null,
        "lte_rssi": null,
        "lte_sinr": null,
        "starlink_latency": null,
        "starlink_snr": null,
        "quality": "unknown"
      }
    },
    {
      "type": "Feature",
      "geometry": {
        "type": "Point",
        "coordinates": [
          127.21205732328943,
          34.61856254441893
        ]
      },
      "properties": {
        "timestamp": "1970-01-01 00:22:56.354707+00:00",
        "altitude": 130.19869995117188,
        "lte_rsrp": null,
        "lte_rssi": null,
        "lte_sinr": null,
        "starlink_latency": null,
        "starlink_snr": null,
        "quality": "unknown"
      }
    },
    {
      "type": "Feature",
      "geometry": {
        "type": "Point",
        "coordinates": [
          127.21206348961776,
          34.61859874500195
        ]
      },
      "properties": {
        "timestamp": "1970-01-01 00:22:56.554867+00:00",
        "altitude": 130.41883850097656,
        "lte_rsrp": null,
        "lte_rssi": null,
        "lte_sinr": null,
        "starlink_latency": null,
        "starlink_snr": null,
        "quality": "unknown"
      }
    },
    {
      "type": "Feature",
      "geometry": {
        "type": "Point",
        "coordinates": [
          127.21206960108859,
          34.618634795734984
        ]
      },
      "properties": {
        "timestamp": "1970-01-01 00:22:56.755094+00:00",
        "altitude": 130.67010498046875,
        "lte_rsrp": null,
        "lte_rssi": null,
        "lte_sinr": null,
        "starlink_latency": null,
        "starlink_snr": null,
        "quality": "unknown"
      }
    },
    {
      "type": "Feature",
      "geometry": {
        "type": "Point",
        "coordinates": [
          127.21207575191825,
          34.61867089751515
        ]
      },
      "properties": {
        "timestamp": "1970-01-01 00:22:56.955264+00:00",
        "altitude": 130.9359588623047,
        "lte_rsrp": null,
        "lte_rssi": null,
        "lte_sinr": null,
        "starlink_latency": null,
        "starlink_snr": null,
        "quality": "unknown"
      }
    },
    {
      "type": "Feature",
      "geometry": {
        "type": "Point",
        "coordinates": [
          127.212082072335,
          34.61870693452242
        ]
      },
      "properties": {
        "timestamp": "1970-01-01 00:22:57.155400+00:00",
        "altitude": 131.20108032226562,
        "lte_rsrp": null,
        "lte_rssi": null,
        "lte_sinr": null,
        "starlink_latency": null,
        "starlink_snr": null,
        "quality": "unknown"
      }
    },
    {
      "type": "Feature",
      "geometry": {
        "type": "Point",
        "coordinates": [
          127.21208864404605,
          34.61874292871184
        ]
      },
      "properties": {
        "timestamp": "1970-01-01 00:22:57.355579+00:00",
        "altitude": 131.462158203125,
        "lte_rsrp": null,
        "lte_rssi": null,
        "lte_sinr": null,
        "starlink_latency": null,
        "starlink_snr": null,
        "quality": "unknown"
      }
    },
    {
      "type": "Feature",
      "geometry": {
        "type": "Point",
        "coordinates": [
          127.21209536833398,
          34.61877872858756
        ]
      },
      "properties": {
        "timestamp": "1970-01-01 00:22:57.555705+00:00",
        "altitude": 131.72610473632812,
        "lte_rsrp": null,
        "lte_rssi": null,
        "lte_sinr": null,
        "starlink_latency": null,
        "starlink_snr": null,
        "quality": "unknown"
      }
    },
    {
      "type": "Feature",
      "geometry": {
        "type": "Point",
        "coordinates": [
          127.21210230989816,
          34.61881438354995
        ]
      },
      "properties": {
        "timestamp": "1970-01-01 00:22:57.755965+00:00",
        "altitude": 131.97866821289062,
        "lte_rsrp": null,
        "lte_rssi": null,
        "lte_sinr": null,
        "starlink_latency": null,
        "starlink_snr": null,
        "quality": "unknown"
      }
    },
    {
      "type": "Feature",
      "geometry": {
        "type": "Point",
        "coordinates": [
          127.21210948041436,
          34.61885005826954
        ]
      },
      "properties": {
        "timestamp": "1970-01-01 00:22:57.956179+00:00",
        "altitude": 132.22694396972656,
        "lte_rsrp": null,
        "lte_rssi": null,
        "lte_sinr": null,
        "starlink_latency": null,
        "starlink_snr": null,
        "quality": "unknown"
      }
    },
    {
      "type": "Feature",
      "geometry": {
        "type": "Point",
        "coordinates": [
          127.21211652367306,
          34.61888389636306
        ]
      },
      "properties": {
        "timestamp": "1970-01-01 00:22:58.146467+00:00",
        "altitude": 132.52171325683594,
        "lte_rsrp": null,
        "lte_rssi": null,
        "lte_sinr": null,
        "starlink_latency": null,
        "starlink_snr": null,
        "quality": "unknown"
      }
    },
    {
      "type": "Feature",
      "geometry": {
        "type": "Point",
        "coordinates": [
          127.21212479961962,
          34.618921771068266
        ]
      },
      "properties": {
        "timestamp": "1970-01-01 00:22:58.356484+00:00",
        "altitude": 132.8763885498047,
        "lte_rsrp": null,
        "lte_rssi": null,
        "lte_sinr": null,
        "starlink_latency": null,
        "starlink_snr": null,
        "quality": "unknown"
      }
    },
    {
      "type": "Feature",
      "geometry": {
        "type": "Point",
        "coordinates": [
          127.21213295581458,
          34.618957878857806
        ]
      },
      "properties": {
        "timestamp": "1970-01-01 00:22:58.556717+00:00",
        "altitude": 133.23028564453125,
        "lte_rsrp": null,
        "lte_rssi": null,
        "lte_sinr": null,
        "starlink_latency": null,
        "starlink_snr": null,
        "quality": "unknown"
      }
    },
    {
      "type": "Feature",
      "geometry": {
        "type": "Point",
        "coordinates": [
          127.21214119188573,
          34.61899379892116
        ]
      },
      "properties": {
        "timestamp": "1970-01-01 00:22:58.756839+00:00",
        "altitude": 133.60955810546875,
        "lte_rsrp": null,
        "lte_rssi": null,
        "lte_sinr": null,
        "starlink_latency": null,
        "starlink_snr": null,
        "quality": "unknown"
      }
    },
    {
      "type": "Feature",
      "geometry": {
        "type": "Point",
        "coordinates": [
          127.2121495857095,
          34.61902977496995
        ]
      },
      "properties": {
        "timestamp": "1970-01-01 00:22:58.956983+00:00",
        "altitude": 133.9690704345703,
        "lte_rsrp": null,
        "lte_rssi": null,
        "lte_sinr": null,
        "starlink_latency": null,
        "starlink_snr": null,
        "quality": "unknown"
      }
    },
    {
      "type": "Feature",
      "geometry": {
        "type": "Point",
        "coordinates": [
          127.21215763533883,
          34.6190640960821
        ]
      },
      "properties": {
        "timestamp": "1970-01-01 00:22:59.147146+00:00",
        "altitude": 134.2849884033203,
        "lte_rsrp": null,
        "lte_rssi": null,
        "lte_sinr": null,
        "starlink_latency": null,
        "starlink_snr": null,
        "quality": "unknown"
      }
    },
    {
      "type": "Feature",
      "geometry": {
        "type": "Point",
        "coordinates": [
          127.21216602167722,
          34.61910028455506
        ]
      },
      "properties": {
        "timestamp": "1970-01-01 00:22:59.347510+00:00",
        "altitude": 134.62869262695312,
        "lte_rsrp": null,
        "lte_rssi": null,
        "lte_sinr": null,
        "starlink_latency": null,
        "starlink_snr": null,
        "quality": "unknown"
      }
    },
    {
      "type": "Feature",
      "geometry": {
        "type": "Point",
        "coordinates": [
          127.21217420608605,
          34.619136278169805
        ]
      },
      "properties": {
        "timestamp": "1970-01-01 00:22:59.549975+00:00",
        "altitude": 134.97515869140625,
        "lte_rsrp": null,
        "lte_rssi": null,
        "lte_sinr": null,
        "starlink_latency": null,
        "starlink_snr": null,
        "quality": "unknown"
      }
    },
    {
      "type": "Feature",
      "geometry": {
        "type": "Point",
        "coordinates": [
          127.21218212820281,
          34.61917213071956
        ]
      },
      "properties": {
        "timestamp": "1970-01-01 00:22:59.750373+00:00",
        "altitude": 135.3037872314453,
        "lte_rsrp": null,
        "lte_rssi": null,
        "lte_sinr": null,
        "starlink_latency": null,
        "starlink_snr": null,
        "quality": "unknown"
      }
    },
    {
      "type": "Feature",
      "geometry": {
        "type": "Point",
        "coordinates": [
          127.21218973867065,
          34.61920790752444
        ]
      },
      "properties": {
        "timestamp": "1970-01-01 00:22:59.950373+00:00",
        "altitude": 135.60848999023438,
        "lte_rsrp": null,
        "lte_rssi": null,
        "lte_sinr": null,
        "starlink_latency": null,
        "starlink_snr": null,
        "quality": "unknown"
      }
    },
    {
      "type": "Feature",
      "geometry": {
        "type": "Point",
        "coordinates": [
          127.21219688074555,
          34.61924364426525
        ]
      },
      "properties": {
        "timestamp": "1970-01-01 00:23:00.150719+00:00",
        "altitude": 135.92910766601562,
        "lte_rsrp": null,
        "lte_rssi": null,
        "lte_sinr": null,
        "starlink_latency": null,
        "starlink_snr": null,
        "quality": "unknown"
      }
    },
    {
      "type": "Feature",
      "geometry": {
        "type": "Point",
        "coordinates": [
          127.21220353008212,
          34.619279375523256
        ]
      },
      "properties": {
        "timestamp": "1970-01-01 00:23:00.350727+00:00",
        "altitude": 136.2356719970703,
        "lte_rsrp": null,
        "lte_rssi": null,
        "lte_sinr": null,
        "starlink_latency": null,
        "starlink_snr": null,
        "quality": "unknown"
      }
    },
    {
      "type": "Feature",
      "geometry": {
        "type": "Point",
        "coordinates": [
          127.21220972536514,
          34.619315074950684
        ]
      },
      "properties": {
        "timestamp": "1970-01-01 00:23:00.550916+00:00",
        "altitude": 136.53756713867188,
        "lte_rsrp": null,
        "lte_rssi": null,
        "lte_sinr": null,
        "starlink_latency": null,
        "starlink_snr": null,
        "quality": "unknown"
      }
    },
    {
      "type": "Feature",
      "geometry": {
        "type": "Point",
        "coordinates": [
          127.21221545091663,
          34.61935059928431
        ]
      },
      "properties": {
        "timestamp": "1970-01-01 00:23:00.751078+00:00",
        "altitude": 136.8398895263672,
        "lte_rsrp": null,
        "lte_rssi": null,
        "lte_sinr": null,
        "starlink_latency": null,
        "starlink_snr": null,
        "quality": "unknown"
      }
    },
    {
      "type": "Feature",
      "geometry": {
        "type": "Point",
        "coordinates": [
          127.21222075743019,
          34.6193860632441
        ]
      },
      "properties": {
        "timestamp": "1970-01-01 00:23:00.951421+00:00",
        "altitude": 137.123291015625,
        "lte_rsrp": null,
        "lte_rssi": null,
        "lte_sinr": null,
        "starlink_latency": null,
        "starlink_snr": null,
        "quality": "unknown"
      }
    },
    {
      "type": "Feature",
      "geometry": {
        "type": "Point",
        "coordinates": [
          127.21222572161284,
          34.61942160570136
        ]
      },
      "properties": {
        "timestamp": "1970-01-01 00:23:01.151435+00:00",
        "altitude": 137.40972900390625,
        "lte_rsrp": null,
        "lte_rssi": null,
        "lte_sinr": null,
        "starlink_latency": null,
        "starlink_snr": null,
        "quality": "unknown"
      }
    },
    {
      "type": "Feature",
      "geometry": {
        "type": "Point",
        "coordinates": [
          127.21223038031795,
          34.61945732984928
        ]
      },
      "properties": {
        "timestamp": "1970-01-01 00:23:01.351756+00:00",
        "altitude": 137.69476318359375,
        "lte_rsrp": null,
        "lte_rssi": null,
        "lte_sinr": null,
        "starlink_latency": null,
        "starlink_snr": null,
        "quality": "unknown"
      }
    },
    {
      "type": "Feature",
      "geometry": {
        "type": "Point",
        "coordinates": [
          127.21223483476142,
          34.61949319451882
        ]
      },
      "properties": {
        "timestamp": "1970-01-01 00:23:01.551766+00:00",
        "altitude": 137.96710205078125,
        "lte_rsrp": null,
        "lte_rssi": null,
        "lte_sinr": null,
        "starlink_latency": null,
        "starlink_snr": null,
        "quality": "unknown"
      }
    },
    {
      "type": "Feature",
      "geometry": {
        "type": "Point",
        "coordinates": [
          127.21223900989374,
          34.61952861513003
        ]
      },
      "properties": {
        "timestamp": "1970-01-01 00:23:01.752108+00:00",
        "altitude": 138.23072814941406,
        "lte_rsrp": null,
        "lte_rssi": null,
        "lte_sinr": null,
        "starlink_latency": null,
        "starlink_snr": null,
        "quality": "unknown"
      }
    },
    {
      "type": "Feature",
      "geometry": {
        "type": "Point",
        "coordinates": [
          127.2122430340968,
          34.619562849016305
        ]
      },
      "properties": {
        "timestamp": "1970-01-01 00:23:01.952043+00:00",
        "altitude": 138.48947143554688,
        "lte_rsrp": null,
        "lte_rssi": null,
        "lte_sinr": null,
        "starlink_latency": null,
        "starlink_snr": null,
        "quality": "unknown"
      }
    },
    {
      "type": "Feature",
      "geometry": {
        "type": "Point",
        "coordinates": [
          127.21224738982416,
          34.619598160942076
        ]
      },
      "properties": {
        "timestamp": "1970-01-01 00:23:02.152412+00:00",
        "altitude": 138.75144958496094,
        "lte_rsrp": null,
        "lte_rssi": null,
        "lte_sinr": null,
        "starlink_latency": null,
        "starlink_snr": null,
        "quality": "unknown"
      }
    },
    {
      "type": "Feature",
      "geometry": {
        "type": "Point",
        "coordinates": [
          127.21225201686968,
          34.619634066776285
        ]
      },
      "properties": {
        "timestamp": "1970-01-01 00:23:02.352392+00:00",
        "altitude": 139.02366638183594,
        "lte_rsrp": null,
        "lte_rssi": null,
        "lte_sinr": null,
        "starlink_latency": null,
        "starlink_snr": null,
        "quality": "unknown"
      }
    },
    {
      "type": "Feature",
      "geometry": {
        "type": "Point",
        "coordinates": [
          127.21225693873775,
          34.619670181189115
        ]
      },
      "properties": {
        "timestamp": "1970-01-01 00:23:02.552787+00:00",
        "altitude": 139.30833435058594,
        "lte_rsrp": null,
        "lte_rssi": null,
        "lte_sinr": null,
        "starlink_latency": null,
        "starlink_snr": null,
        "quality": "unknown"
      }
    },
    {
      "type": "Feature",
      "geometry": {
        "type": "Point",
        "coordinates": [
          127.2122622197959,
          34.61970658102597
        ]
      },
      "properties": {
        "timestamp": "1970-01-01 00:23:02.752792+00:00",
        "altitude": 139.58822631835938,
        "lte_rsrp": null,
        "lte_rssi": null,
        "lte_sinr": null,
        "starlink_latency": null,
        "starlink_snr": null,
        "quality": "unknown"
      }
    },
    {
      "type": "Feature",
      "geometry": {
        "type": "Point",
        "coordinates": [
          127.21226804647341,
          34.61974335849979
        ]
      },
      "properties": {
        "timestamp": "1970-01-01 00:23:02.953151+00:00",
        "altitude": 139.84495544433594,
        "lte_rsrp": null,
        "lte_rssi": null,
        "lte_sinr": null,
        "starlink_latency": null,
        "starlink_snr": null,
        "quality": "unknown"
      }
    },
    {
      "type": "Feature",
      "geometry": {
        "type": "Point",
        "coordinates": [
          127.21227446778875,
          34.619780178779386
        ]
      },
      "properties": {
        "timestamp": "1970-01-01 00:23:03.153175+00:00",
        "altitude": 140.0921173095703,
        "lte_rsrp": null,
        "lte_rssi": null,
        "lte_sinr": null,
        "starlink_latency": null,
        "starlink_snr": null,
        "quality": "unknown"
      }
    },
    {
      "type": "Feature",
      "geometry": {
        "type": "Point",
        "coordinates": [
          127.21228121377074,
          34.61981689695823
        ]
      },
      "properties": {
        "timestamp": "1970-01-01 00:23:03.353499+00:00",
        "altitude": 140.34317016601562,
        "lte_rsrp": null,
        "lte_rssi": null,
        "lte_sinr": null,
        "starlink_latency": null,
        "starlink_snr": null,
        "quality": "unknown"
      }
    },
    {
      "type": "Feature",
      "geometry": {
        "type": "Point",
        "coordinates": [
          127.21228803162185,
          34.61985331214159
        ]
      },
      "properties": {
        "timestamp": "1970-01-01 00:23:03.553452+00:00",
        "altitude": 140.61004638671875,
        "lte_rsrp": null,
        "lte_rssi": null,
        "lte_sinr": null,
        "starlink_latency": null,
        "starlink_snr": null,
        "quality": "unknown"
      }
    },
    {
      "type": "Feature",
      "geometry": {
        "type": "Point",
        "coordinates": [
          127.21229494652418,
          34.61988955496786
        ]
      },
      "properties": {
        "timestamp": "1970-01-01 00:23:03.753845+00:00",
        "altitude": 140.87994384765625,
        "lte_rsrp": null,
        "lte_rssi": null,
        "lte_sinr": null,
        "starlink_latency": null,
        "starlink_snr": null,
        "quality": "unknown"
      }
    },
    {
      "type": "Feature",
      "geometry": {
        "type": "Point",
        "coordinates": [
          127.21230217542809,
          34.6199259921007
        ]
      },
      "properties": {
        "timestamp": "1970-01-01 00:23:03.953882+00:00",
        "altitude": 141.14730834960938,
        "lte_rsrp": null,
        "lte_rssi": null,
        "lte_sinr": null,
        "starlink_latency": null,
        "starlink_snr": null,
        "quality": "unknown"
      }
    },
    {
      "type": "Feature",
      "geometry": {
        "type": "Point",
        "coordinates": [
          127.21230980388125,
          34.61996281455684
        ]
      },
      "properties": {
        "timestamp": "1970-01-01 00:23:04.154282+00:00",
        "altitude": 141.3758544921875,
        "lte_rsrp": null,
        "lte_rssi": null,
        "lte_sinr": null,
        "starlink_latency": null,
        "starlink_snr": null,
        "quality": "unknown"
      }
    },
    {
      "type": "Feature",
      "geometry": {
        "type": "Point",
        "coordinates": [
          127.21231779019146,
          34.6199997830154
        ]
      },
      "properties": {
        "timestamp": "1970-01-01 00:23:04.356685+00:00",
        "altitude": 141.62997436523438,
        "lte_rsrp": null,
        "lte_rssi": null,
        "lte_sinr": null,
        "starlink_latency": null,
        "starlink_snr": null,
        "quality": "unknown"
      }
    },
    {
      "type": "Feature",
      "geometry": {
        "type": "Point",
        "coordinates": [
          127.21232593108414,
          34.62003662302804
        ]
      },
      "properties": {
        "timestamp": "1970-01-01 00:23:04.557056+00:00",
        "altitude": 141.88485717773438,
        "lte_rsrp": null,
        "lte_rssi": null,
        "lte_sinr": null,
        "starlink_latency": null,
        "starlink_snr": null,
        "quality": "unknown"
      }
    },
    {
      "type": "Feature",
      "geometry": {
        "type": "Point",
        "coordinates": [
          127.21233373043816,
          34.62007160007054
        ]
      },
      "properties": {
        "timestamp": "1970-01-01 00:23:04.747021+00:00",
        "altitude": 142.11483764648438,
        "lte_rsrp": null,
        "lte_rssi": null,
        "lte_sinr": null,
        "starlink_latency": null,
        "starlink_snr": null,
        "quality": "unknown"
      }
    },
    {
      "type": "Feature",
      "geometry": {
        "type": "Point",
        "coordinates": [
          127.21234199690954,
          34.62010849057932
        ]
      },
      "properties": {
        "timestamp": "1970-01-01 00:23:04.947185+00:00",
        "altitude": 142.35935974121094,
        "lte_rsrp": null,
        "lte_rssi": null,
        "lte_sinr": null,
        "starlink_latency": null,
        "starlink_snr": null,
        "quality": "unknown"
      }
    },
    {
      "type": "Feature",
      "geometry": {
        "type": "Point",
        "coordinates": [
          127.21235019685616,
          34.620145453543614
        ]
      },
      "properties": {
        "timestamp": "1970-01-01 00:23:05.147392+00:00",
        "altitude": 142.57809448242188,
        "lte_rsrp": null,
        "lte_rssi": null,
        "lte_sinr": null,
        "starlink_latency": null,
        "starlink_snr": null,
        "quality": "unknown"
      }
    },
    {
      "type": "Feature",
      "geometry": {
        "type": "Point",
        "coordinates": [
          127.21235849690021,
          34.62018423227486
        ]
      },
      "properties": {
        "timestamp": "1970-01-01 00:23:05.357785+00:00",
        "altitude": 142.83047485351562,
        "lte_rsrp": null,
        "lte_rssi": null,
        "lte_sinr": null,
        "starlink_latency": null,
        "starlink_snr": null,
        "quality": "unknown"
      }
    },
    {
      "type": "Feature",
      "geometry": {
        "type": "Point",
        "coordinates": [
          127.21236607003898,
          34.620220977881985
        ]
      },
      "properties": {
        "timestamp": "1970-01-01 00:23:05.557757+00:00",
        "altitude": 143.05650329589844,
        "lte_rsrp": null,
        "lte_rssi": null,
        "lte_sinr": null,
        "starlink_latency": null,
        "starlink_snr": null,
        "quality": "unknown"
      }
    },
    {
      "type": "Feature",
      "geometry": {
        "type": "Point",
        "coordinates": [
          127.21237292677829,
          34.62025578038495
        ]
      },
      "properties": {
        "timestamp": "1970-01-01 00:23:05.747919+00:00",
        "altitude": 143.2821807861328,
        "lte_rsrp": null,
        "lte_rssi": null,
        "lte_sinr": null,
        "starlink_latency": null,
        "starlink_snr": null,
        "quality": "unknown"
      }
    },
    {
      "type": "Feature",
      "geometry": {
        "type": "Point",
        "coordinates": [
          127.212379791406,
          34.620292646760255
        ]
      },
      "properties": {
        "timestamp": "1970-01-01 00:23:05.948112+00:00",
        "altitude": 143.54551696777344,
        "lte_rsrp": null,
        "lte_rssi": null,
        "lte_sinr": null,
        "starlink_latency": null,
        "starlink_snr": null,
        "quality": "unknown"
      }
    },
    {
      "type": "Feature",
      "geometry": {
        "type": "Point",
        "coordinates": [
          127.2123861926397,
          34.62032961304231
        ]
      },
      "properties": {
        "timestamp": "1970-01-01 00:23:06.148291+00:00",
        "altitude": 143.86109924316406,
        "lte_rsrp": null,
        "lte_rssi": null,
        "lte_sinr": null,
        "starlink_latency": null,
        "starlink_snr": null,
        "quality": "unknown"
      }
    },
    {
      "type": "Feature",
      "geometry": {
        "type": "Point",
        "coordinates": [
          127.21239199938417,
          34.62036541675778
        ]
      },
      "properties": {
        "timestamp": "1970-01-01 00:23:06.348458+00:00",
        "altitude": 144.20480346679688,
        "lte_rsrp": null,
        "lte_rssi": null,
        "lte_sinr": null,
        "starlink_latency": null,
        "starlink_snr": null,
        "quality": "unknown"
      }
    },
    {
      "type": "Feature",
      "geometry": {
        "type": "Point",
        "coordinates": [
          127.21239727500772,
          34.620400226967696
        ]
      },
      "properties": {
        "timestamp": "1970-01-01 00:23:06.548659+00:00",
        "altitude": 144.59869384765625,
        "lte_rsrp": null,
        "lte_rssi": null,
        "lte_sinr": null,
        "starlink_latency": null,
        "starlink_snr": null,
        "quality": "unknown"
      }
    },
    {
      "type": "Feature",
      "geometry": {
        "type": "Point",
        "coordinates": [
          127.21240226166343,
          34.620435412630954
        ]
      },
      "properties": {
        "timestamp": "1970-01-01 00:23:06.758814+00:00",
        "altitude": 145.05133056640625,
        "lte_rsrp": null,
        "lte_rssi": null,
        "lte_sinr": null,
        "starlink_latency": null,
        "starlink_snr": null,
        "quality": "unknown"
      }
    },
    {
      "type": "Feature",
      "geometry": {
        "type": "Point",
        "coordinates": [
          127.21240675720206,
          34.62046892085584
        ]
      },
      "properties": {
        "timestamp": "1970-01-01 00:23:06.948972+00:00",
        "altitude": 145.50897216796875,
        "lte_rsrp": null,
        "lte_rssi": null,
        "lte_sinr": null,
        "starlink_latency": null,
        "starlink_snr": null,
        "quality": "unknown"
      }
    },
    {
      "type": "Feature",
      "geometry": {
        "type": "Point",
        "coordinates": [
          127.21241149576444,
          34.62050523616349
        ]
      },
      "properties": {
        "timestamp": "1970-01-01 00:23:07.149132+00:00",
        "altitude": 146.01141357421875,
        "lte_rsrp": null,
        "lte_rssi": null,
        "lte_sinr": null,
        "starlink_latency": null,
        "starlink_snr": null,
        "quality": "unknown"
      }
    },
    {
      "type": "Feature",
      "geometry": {
        "type": "Point",
        "coordinates": [
          127.21241635890745,
          34.620542121229704
        ]
      },
      "properties": {
        "timestamp": "1970-01-01 00:23:07.349403+00:00",
        "altitude": 146.52833557128906,
        "lte_rsrp": null,
        "lte_rssi": null,
        "lte_sinr": null,
        "starlink_latency": null,
        "starlink_snr": null,
        "quality": "unknown"
      }
    },
    {
      "type": "Feature",
      "geometry": {
        "type": "Point",
        "coordinates": [
          127.2124213993207,
          34.62057938942687
        ]
      },
      "properties": {
        "timestamp": "1970-01-01 00:23:07.549455+00:00",
        "altitude": 147.05015563964844,
        "lte_rsrp": null,
        "lte_rssi": null,
        "lte_sinr": null,
        "starlink_latency": null,
        "starlink_snr": null,
        "quality": "unknown"
      }
    },
    {
      "type": "Feature",
      "geometry": {
        "type": "Point",
        "coordinates": [
          127.2124262649441,
          34.62061496042044
        ]
      },
      "properties": {
        "timestamp": "1970-01-01 00:23:07.749627+00:00",
        "altitude": 147.57608032226562,
        "lte_rsrp": null,
        "lte_rssi": null,
        "lte_sinr": null,
        "starlink_latency": null,
        "starlink_snr": null,
        "quality": "unknown"
      }
    },
    {
      "type": "Feature",
      "geometry": {
        "type": "Point",
        "coordinates": [
          127.2124312282665,
          34.620649562050765
        ]
      },
      "properties": {
        "timestamp": "1970-01-01 00:23:07.949810+00:00",
        "altitude": 148.11732482910156,
        "lte_rsrp": null,
        "lte_rssi": null,
        "lte_sinr": null,
        "starlink_latency": null,
        "starlink_snr": null,
        "quality": "unknown"
      }
    },
    {
      "type": "Feature",
      "geometry": {
        "type": "Point",
        "coordinates": [
          127.21243684096791,
          34.62068601347184
        ]
      },
      "properties": {
        "timestamp": "1970-01-01 00:23:08.149992+00:00",
        "altitude": 148.62808227539062,
        "lte_rsrp": null,
        "lte_rssi": null,
        "lte_sinr": null,
        "starlink_latency": null,
        "starlink_snr": null,
        "quality": "unknown"
      }
    },
    {
      "type": "Feature",
      "geometry": {
        "type": "Point",
        "coordinates": [
          127.2124427239585,
          34.62072153395013
        ]
      },
      "properties": {
        "timestamp": "1970-01-01 00:23:08.350158+00:00",
        "altitude": 149.1250457763672,
        "lte_rsrp": null,
        "lte_rssi": null,
        "lte_sinr": null,
        "starlink_latency": null,
        "starlink_snr": null,
        "quality": "unknown"
      }
    },
    {
      "type": "Feature",
      "geometry": {
        "type": "Point",
        "coordinates": [
          127.21244900230602,
          34.62075627168726
        ]
      },
      "properties": {
        "timestamp": "1970-01-01 00:23:08.550351+00:00",
        "altitude": 149.6279754638672,
        "lte_rsrp": null,
        "lte_rssi": null,
        "lte_sinr": null,
        "starlink_latency": null,
        "starlink_snr": null,
        "quality": "unknown"
      }
    },
    {
      "type": "Feature",
      "geometry": {
        "type": "Point",
        "coordinates": [
          127.21245570254528,
          34.62079113786069
        ]
      },
      "properties": {
        "timestamp": "1970-01-01 00:23:08.750469+00:00",
        "altitude": 150.13148498535156,
        "lte_rsrp": null,
        "lte_rssi": null,
        "lte_sinr": null,
        "starlink_latency": null,
        "starlink_snr": null,
        "quality": "unknown"
      }
    },
    {
      "type": "Feature",
      "geometry": {
        "type": "Point",
        "coordinates": [
          127.21246276914712,
          34.62082608197219
        ]
      },
      "properties": {
        "timestamp": "1970-01-01 00:23:08.950715+00:00",
        "altitude": 150.64308166503906,
        "lte_rsrp": null,
        "lte_rssi": null,
        "lte_sinr": null,
        "starlink_latency": null,
        "starlink_snr": null,
        "quality": "unknown"
      }
    },
    {
      "type": "Feature",
      "geometry": {
        "type": "Point",
        "coordinates": [
          127.2124703170258,
          34.62086202837146
        ]
      },
      "properties": {
        "timestamp": "1970-01-01 00:23:09.153318+00:00",
        "altitude": 151.1583709716797,
        "lte_rsrp": null,
        "lte_rssi": null,
        "lte_sinr": null,
        "starlink_latency": null,
        "starlink_snr": null,
        "quality": "unknown"
      }
    },
    {
      "type": "Feature",
      "geometry": {
        "type": "Point",
        "coordinates": [
          127.21247814708218,
          34.62089908574418
        ]
      },
      "properties": {
        "timestamp": "1970-01-01 00:23:09.353495+00:00",
        "altitude": 151.6556854248047,
        "lte_rsrp": null,
        "lte_rssi": null,
        "lte_sinr": null,
        "starlink_latency": null,
        "starlink_snr": null,
        "quality": "unknown"
      }
    },
    {
      "type": "Feature",
      "geometry": {
        "type": "Point",
        "coordinates": [
          127.21248610706412,
          34.62093692694691
        ]
      },
      "properties": {
        "timestamp": "1970-01-01 00:23:09.553723+00:00",
        "altitude": 152.14324951171875,
        "lte_rsrp": null,
        "lte_rssi": null,
        "lte_sinr": null,
        "starlink_latency": null,
        "starlink_snr": null,
        "quality": "unknown"
      }
    },
    {
      "type": "Feature",
      "geometry": {
        "type": "Point",
        "coordinates": [
          127.21249378402794,
          34.620972799789776
        ]
      },
      "properties": {
        "timestamp": "1970-01-01 00:23:09.751433+00:00",
        "altitude": 152.6165313720703,
        "lte_rsrp": null,
        "lte_rssi": null,
        "lte_sinr": null,
        "starlink_latency": null,
        "starlink_snr": null,
        "quality": "unknown"
      }
    },
    {
      "type": "Feature",
      "geometry": {
        "type": "Point",
        "coordinates": [
          127.21250136160371,
          34.62100824778333
        ]
      },
      "properties": {
        "timestamp": "1970-01-01 00:23:09.951591+00:00",
        "altitude": 153.05572509765625,
        "lte_rsrp": null,
        "lte_rssi": null,
        "lte_sinr": null,
        "starlink_latency": null,
        "starlink_snr": null,
        "quality": "unknown"
      }
    },
    {
      "type": "Feature",
      "geometry": {
        "type": "Point",
        "coordinates": [
          127.21250922271355,
          34.621045720123746
        ]
      },
      "properties": {
        "timestamp": "1970-01-01 00:23:10.151788+00:00",
        "altitude": 153.49383544921875,
        "lte_rsrp": null,
        "lte_rssi": null,
        "lte_sinr": null,
        "starlink_latency": null,
        "starlink_snr": null,
        "quality": "unknown"
      }
    },
    {
      "type": "Feature",
      "geometry": {
        "type": "Point",
        "coordinates": [
          127.21251703330553,
          34.62108324296348
        ]
      },
      "properties": {
        "timestamp": "1970-01-01 00:23:10.351874+00:00",
        "altitude": 153.89064025878906,
        "lte_rsrp": null,
        "lte_rssi": null,
        "lte_sinr": null,
        "starlink_latency": null,
        "starlink_snr": null,
        "quality": "unknown"
      }
    },
    {
      "type": "Feature",
      "geometry": {
        "type": "Point",
        "coordinates": [
          127.21252477153537,
          34.62112083386778
        ]
      },
      "properties": {
        "timestamp": "1970-01-01 00:23:10.552320+00:00",
        "altitude": 154.28916931152344,
        "lte_rsrp": null,
        "lte_rssi": null,
        "lte_sinr": null,
        "starlink_latency": null,
        "starlink_snr": null,
        "quality": "unknown"
      }
    },
    {
      "type": "Feature",
      "geometry": {
        "type": "Point",
        "coordinates": [
          127.21253246125235,
          34.621158647626714
        ]
      },
      "properties": {
        "timestamp": "1970-01-01 00:23:10.752289+00:00",
        "altitude": 154.71177673339844,
        "lte_rsrp": null,
        "lte_rssi": null,
        "lte_sinr": null,
        "starlink_latency": null,
        "starlink_snr": null,
        "quality": "unknown"
      }
    },
    {
      "type": "Feature",
      "geometry": {
        "type": "Point",
        "coordinates": [
          127.21254007044091,
          34.62119672705522
        ]
      },
      "properties": {
        "timestamp": "1970-01-01 00:23:10.952447+00:00",
        "altitude": 155.1391143798828,
        "lte_rsrp": null,
        "lte_rssi": null,
        "lte_sinr": null,
        "starlink_latency": null,
        "starlink_snr": null,
        "quality": "unknown"
      }
    },
    {
      "type": "Feature",
      "geometry": {
        "type": "Point",
        "coordinates": [
          127.2125475999355,
          34.62123510398962
        ]
      },
      "properties": {
        "timestamp": "1970-01-01 00:23:11.152620+00:00",
        "altitude": 155.57125854492188,
        "lte_rsrp": null,
        "lte_rssi": null,
        "lte_sinr": null,
        "starlink_latency": null,
        "starlink_snr": null,
        "quality": "unknown"
      }
    },
    {
      "type": "Feature",
      "geometry": {
        "type": "Point",
        "coordinates": [
          127.21255500002972,
          34.62127320098546
        ]
      },
      "properties": {
        "timestamp": "1970-01-01 00:23:11.352827+00:00",
        "altitude": 155.9750518798828,
        "lte_rsrp": null,
        "lte_rssi": null,
        "lte_sinr": null,
        "starlink_latency": null,
        "starlink_snr": null,
        "quality": "unknown"
      }
    },
    {
      "type": "Feature",
      "geometry": {
        "type": "Point",
        "coordinates": [
          127.21256233324965,
          34.62131076115546
        ]
      },
      "properties": {
        "timestamp": "1970-01-01 00:23:11.553009+00:00",
        "altitude": 156.35769653320312,
        "lte_rsrp": null,
        "lte_rssi": null,
        "lte_sinr": null,
        "starlink_latency": null,
        "starlink_snr": null,
        "quality": "unknown"
      }
    },
    {
      "type": "Feature",
      "geometry": {
        "type": "Point",
        "coordinates": [
          127.21256977020076,
          34.6213484816028
        ]
      },
      "properties": {
        "timestamp": "1970-01-01 00:23:11.753172+00:00",
        "altitude": 156.73178100585938,
        "lte_rsrp": null,
        "lte_rssi": null,
        "lte_sinr": null,
        "starlink_latency": null,
        "starlink_snr": null,
        "quality": "unknown"
      }
    },
    {
      "type": "Feature",
      "geometry": {
        "type": "Point",
        "coordinates": [
          127.21257737558899,
          34.62138658078953
        ]
      },
      "properties": {
        "timestamp": "1970-01-01 00:23:11.953325+00:00",
        "altitude": 157.09808349609375,
        "lte_rsrp": null,
        "lte_rssi": null,
        "lte_sinr": null,
        "starlink_latency": null,
        "starlink_snr": null,
        "quality": "unknown"
      }
    },
    {
      "type": "Feature",
      "geometry": {
        "type": "Point",
        "coordinates": [
          127.21258502284192,
          34.62142478426653
        ]
      },
      "properties": {
        "timestamp": "1970-01-01 00:23:12.153517+00:00",
        "altitude": 157.42535400390625,
        "lte_rsrp": null,
        "lte_rssi": null,
        "lte_sinr": null,
        "starlink_latency": null,
        "starlink_snr": null,
        "quality": "unknown"
      }
    },
    {
      "type": "Feature",
      "geometry": {
        "type": "Point",
        "coordinates": [
          127.21259247833046,
          34.62146279892385
        ]
      },
      "properties": {
        "timestamp": "1970-01-01 00:23:12.353670+00:00",
        "altitude": 157.72109985351562,
        "lte_rsrp": null,
        "lte_rssi": null,
        "lte_sinr": null,
        "starlink_latency": null,
        "starlink_snr": null,
        "quality": "unknown"
      }
    },
    {
      "type": "Feature",
      "geometry": {
        "type": "Point",
        "coordinates": [
          127.21259975889615,
          34.62150061378318
        ]
      },
      "properties": {
        "timestamp": "1970-01-01 00:23:12.553827+00:00",
        "altitude": 157.99490356445312,
        "lte_rsrp": null,
        "lte_rssi": null,
        "lte_sinr": null,
        "starlink_latency": null,
        "starlink_snr": null,
        "quality": "unknown"
      }
    },
    {
      "type": "Feature",
      "geometry": {
        "type": "Point",
        "coordinates": [
          127.21260677666176,
          34.62153832435501
        ]
      },
      "properties": {
        "timestamp": "1970-01-01 00:23:12.754014+00:00",
        "altitude": 158.19361877441406,
        "lte_rsrp": null,
        "lte_rssi": null,
        "lte_sinr": null,
        "starlink_latency": null,
        "starlink_snr": null,
        "quality": "unknown"
      }
    },
    {
      "type": "Feature",
      "geometry": {
        "type": "Point",
        "coordinates": [
          127.21261344642335,
          34.62157624131959
        ]
      },
      "properties": {
        "timestamp": "1970-01-01 00:23:12.954383+00:00",
        "altitude": 158.3748016357422,
        "lte_rsrp": null,
        "lte_rssi": null,
        "lte_sinr": null,
        "starlink_latency": null,
        "starlink_snr": null,
        "quality": "unknown"
      }
    },
    {
      "type": "Feature",
      "geometry": {
        "type": "Point",
        "coordinates": [
          127.21261980136148,
          34.621614241722234
        ]
      },
      "properties": {
        "timestamp": "1970-01-01 00:23:13.154361+00:00",
        "altitude": 158.54884338378906,
        "lte_rsrp": null,
        "lte_rssi": null,
        "lte_sinr": null,
        "starlink_latency": null,
        "starlink_snr": null,
        "quality": "unknown"
      }
    },
    {
      "type": "Feature",
      "geometry": {
        "type": "Point",
        "coordinates": [
          127.21262588966422,
          34.621652187238844
        ]
      },
      "properties": {
        "timestamp": "1970-01-01 00:23:13.354657+00:00",
        "altitude": 158.6732940673828,
        "lte_rsrp": null,
        "lte_rssi": null,
        "lte_sinr": null,
        "starlink_latency": null,
        "starlink_snr": null,
        "quality": "unknown"
      }
    },
    {
      "type": "Feature",
      "geometry": {
        "type": "Point",
        "coordinates": [
          127.21263176084145,
          34.62168944772869
        ]
      },
      "properties": {
        "timestamp": "1970-01-01 00:23:13.554693+00:00",
        "altitude": 158.79299926757812,
        "lte_rsrp": null,
        "lte_rssi": null,
        "lte_sinr": null,
        "starlink_latency": null,
        "starlink_snr": null,
        "quality": "unknown"
      }
    },
    {
      "type": "Feature",
      "geometry": {
        "type": "Point",
        "coordinates": [
          127.21263762069017,
          34.62172692887719
        ]
      },
      "properties": {
        "timestamp": "1970-01-01 00:23:13.755056+00:00",
        "altitude": 158.91725158691406,
        "lte_rsrp": null,
        "lte_rssi": null,
        "lte_sinr": null,
        "starlink_latency": null,
        "starlink_snr": null,
        "quality": "unknown"
      }
    },
    {
      "type": "Feature",
      "geometry": {
        "type": "Point",
        "coordinates": [
          127.21264354275152,
          34.621764726192104
        ]
      },
      "properties": {
        "timestamp": "1970-01-01 00:23:13.955047+00:00",
        "altitude": 159.04006958007812,
        "lte_rsrp": null,
        "lte_rssi": null,
        "lte_sinr": null,
        "starlink_latency": null,
        "starlink_snr": null,
        "quality": "unknown"
      }
    },
    {
      "type": "Feature",
      "geometry": {
        "type": "Point",
        "coordinates": [
          127.21264975897708,
          34.62180268268339
        ]
      },
      "properties": {
        "timestamp": "1970-01-01 00:23:14.155427+00:00",
        "altitude": 159.20050048828125,
        "lte_rsrp": null,
        "lte_rssi": null,
        "lte_sinr": null,
        "starlink_latency": null,
        "starlink_snr": null,
        "quality": "unknown"
      }
    },
    {
      "type": "Feature",
      "geometry": {
        "type": "Point",
        "coordinates": [
          127.21265625869547,
          34.62184081701386
        ]
      },
      "properties": {
        "timestamp": "1970-01-01 00:23:14.355426+00:00",
        "altitude": 159.39100646972656,
        "lte_rsrp": null,
        "lte_rssi": null,
        "lte_sinr": null,
        "starlink_latency": null,
        "starlink_snr": null,
        "quality": "unknown"
      }
    },
    {
      "type": "Feature",
      "geometry": {
        "type": "Point",
        "coordinates": [
          127.21266283561567,
          34.621878496851515
        ]
      },
      "properties": {
        "timestamp": "1970-01-01 00:23:14.555570+00:00",
        "altitude": 159.6226806640625,
        "lte_rsrp": null,
        "lte_rssi": null,
        "lte_sinr": null,
        "starlink_latency": null,
        "starlink_snr": null,
        "quality": "unknown"
      }
    },
    {
      "type": "Feature",
      "geometry": {
        "type": "Point",
        "coordinates": [
          127.21266963516737,
          34.621916493950536
        ]
      },
      "properties": {
        "timestamp": "1970-01-01 00:23:14.755724+00:00",
        "altitude": 159.8566436767578,
        "lte_rsrp": null,
        "lte_rssi": null,
        "lte_sinr": null,
        "starlink_latency": null,
        "starlink_snr": null,
        "quality": "unknown"
      }
    },
    {
      "type": "Feature",
      "geometry": {
        "type": "Point",
        "coordinates": [
          127.2126763032802,
          34.621952833366365
        ]
      },
      "properties": {
        "timestamp": "1970-01-01 00:23:14.945952+00:00",
        "altitude": 160.08973693847656,
        "lte_rsrp": null,
        "lte_rssi": null,
        "lte_sinr": null,
        "starlink_latency": null,
        "starlink_snr": null,
        "quality": "unknown"
      }
    },
    {
      "type": "Feature",
      "geometry": {
        "type": "Point",
        "coordinates": [
          127.21268397620192,
          34.62199328184735
        ]
      },
      "properties": {
        "timestamp": "1970-01-01 00:23:15.156107+00:00",
        "altitude": 160.36317443847656,
        "lte_rsrp": null,
        "lte_rssi": null,
        "lte_sinr": null,
        "starlink_latency": null,
        "starlink_snr": null,
        "quality": "unknown"
      }
    },
    {
      "type": "Feature",
      "geometry": {
        "type": "Point",
        "coordinates": [
          127.21269153001586,
          34.622031699391265
        ]
      },
      "properties": {
        "timestamp": "1970-01-01 00:23:15.356549+00:00",
        "altitude": 160.63577270507812,
        "lte_rsrp": null,
        "lte_rssi": null,
        "lte_sinr": null,
        "starlink_latency": null,
        "starlink_snr": null,
        "quality": "unknown"
      }
    },
    {
      "type": "Feature",
      "geometry": {
        "type": "Point",
        "coordinates": [
          127.21269921422927,
          34.62206973489639
        ]
      },
      "properties": {
        "timestamp": "1970-01-01 00:23:15.556532+00:00",
        "altitude": 160.96470642089844,
        "lte_rsrp": null,
        "lte_rssi": null,
        "lte_sinr": null,
        "starlink_latency": null,
        "starlink_snr": null,
        "quality": "unknown"
      }
    },
    {
      "type": "Feature",
      "geometry": {
        "type": "Point",
        "coordinates": [
          127.212706931789,
          34.6221073170071
        ]
      },
      "properties": {
        "timestamp": "1970-01-01 00:23:15.756968+00:00",
        "altitude": 161.31491088867188,
        "lte_rsrp": null,
        "lte_rssi": null,
        "lte_sinr": null,
        "starlink_latency": null,
        "starlink_snr": null,
        "quality": "unknown"
      }
    },
    {
      "type": "Feature",
      "geometry": {
        "type": "Point",
        "coordinates": [
          127.21271477942912,
          34.62214506817698
        ]
      },
      "properties": {
        "timestamp": "1970-01-01 00:23:15.956840+00:00",
        "altitude": 161.69044494628906,
        "lte_rsrp": null,
        "lte_rssi": null,
        "lte_sinr": null,
        "starlink_latency": null,
        "starlink_snr": null,
        "quality": "unknown"
      }
    },
    {
      "type": "Feature",
      "geometry": {
        "type": "Point",
        "coordinates": [
          127.2127223030144,
          34.62218065008999
        ]
      },
      "properties": {
        "timestamp": "1970-01-01 00:23:16.146982+00:00",
        "altitude": 162.08248901367188,
        "lte_rsrp": null,
        "lte_rssi": null,
        "lte_sinr": null,
        "starlink_latency": null,
        "starlink_snr": null,
        "quality": "unknown"
      }
    },
    {
      "type": "Feature",
      "geometry": {
        "type": "Point",
        "coordinates": [
          127.21273043665119,
          34.62221830464698
        ]
      },
      "properties": {
        "timestamp": "1970-01-01 00:23:16.347133+00:00",
        "altitude": 162.5315704345703,
        "lte_rsrp": null,
        "lte_rssi": null,
        "lte_sinr": null,
        "starlink_latency": null,
        "starlink_snr": null,
        "quality": "unknown"
      }
    },
    {
      "type": "Feature",
      "geometry": {
        "type": "Point",
        "coordinates": [
          127.21273909745189,
          34.62225759272743
        ]
      },
      "properties": {
        "timestamp": "1970-01-01 00:23:16.557557+00:00",
        "altitude": 163.02099609375,
        "lte_rsrp": null,
        "lte_rssi": null,
        "lte_sinr": null,
        "starlink_latency": null,
        "starlink_snr": null,
        "quality": "unknown"
      }
    },
    {
      "type": "Feature",
      "geometry": {
        "type": "Point",
        "coordinates": [
          127.21274733647759,
          34.622294654466884
        ]
      },
      "properties": {
        "timestamp": "1970-01-01 00:23:16.757554+00:00",
        "altitude": 163.4684600830078,
        "lte_rsrp": null,
        "lte_rssi": null,
        "lte_sinr": null,
        "starlink_latency": null,
        "starlink_snr": null,
        "quality": "unknown"
      }
    },
    {
      "type": "Feature",
      "geometry": {
        "type": "Point",
        "coordinates": [
          127.21275546395232,
          34.62233175792438
        ]
      },
      "properties": {
        "timestamp": "1970-01-01 00:23:16.957929+00:00",
        "altitude": 163.91610717773438,
        "lte_rsrp": null,
        "lte_rssi": null,
        "lte_sinr": null,
        "starlink_latency": null,
        "starlink_snr": null,
        "quality": "unknown"
      }
    },
    {
      "type": "Feature",
      "geometry": {
        "type": "Point",
        "coordinates": [
          127.21276298806104,
          34.62236691827788
        ]
      },
      "properties": {
        "timestamp": "1970-01-01 00:23:17.147876+00:00",
        "altitude": 164.3541259765625,
        "lte_rsrp": null,
        "lte_rssi": null,
        "lte_sinr": null,
        "starlink_latency": null,
        "starlink_snr": null,
        "quality": "unknown"
      }
    },
    {
      "type": "Feature",
      "geometry": {
        "type": "Point",
        "coordinates": [
          127.21277064980346,
          34.62240409968688
        ]
      },
      "properties": {
        "timestamp": "1970-01-01 00:23:17.348010+00:00",
        "altitude": 164.82119750976562,
        "lte_rsrp": null,
        "lte_rssi": null,
        "lte_sinr": null,
        "starlink_latency": null,
        "starlink_snr": null,
        "quality": "unknown"
      }
    },
    {
      "type": "Feature",
      "geometry": {
        "type": "Point",
        "coordinates": [
          127.2127779890401,
          34.622441015432514
        ]
      },
      "properties": {
        "timestamp": "1970-01-01 00:23:17.548204+00:00",
        "altitude": 165.22027587890625,
        "lte_rsrp": null,
        "lte_rssi": null,
        "lte_sinr": null,
        "starlink_latency": null,
        "starlink_snr": null,
        "quality": "unknown"
      }
    },
    {
      "type": "Feature",
      "geometry": {
        "type": "Point",
        "coordinates": [
          127.21278497458052,
          34.62247741960715
        ]
      },
      "properties": {
        "timestamp": "1970-01-01 00:23:17.748374+00:00",
        "altitude": 165.62107849121094,
        "lte_rsrp": null,
        "lte_rssi": null,
        "lte_sinr": null,
        "starlink_latency": null,
        "starlink_snr": null,
        "quality": "unknown"
      }
    },
    {
      "type": "Feature",
      "geometry": {
        "type": "Point",
        "coordinates": [
          127.21279208390797,
          34.62251560661396
        ]
      },
      "properties": {
        "timestamp": "1970-01-01 00:23:17.958692+00:00",
        "altitude": 165.99937438964844,
        "lte_rsrp": null,
        "lte_rssi": null,
        "lte_sinr": null,
        "starlink_latency": null,
        "starlink_snr": null,
        "quality": "unknown"
      }
    },
    {
      "type": "Feature",
      "geometry": {
        "type": "Point",
        "coordinates": [
          127.21279838121067,
          34.622550216987506
        ]
      },
      "properties": {
        "timestamp": "1970-01-01 00:23:18.148693+00:00",
        "altitude": 166.32415771484375,
        "lte_rsrp": null,
        "lte_rssi": null,
        "lte_sinr": null,
        "starlink_latency": null,
        "starlink_snr": null,
        "quality": "unknown"
      }
    },
    {
      "type": "Feature",
      "geometry": {
        "type": "Point",
        "coordinates": [
          127.21280485599227,
          34.622586497118434
        ]
      },
      "properties": {
        "timestamp": "1970-01-01 00:23:18.348903+00:00",
        "altitude": 166.65953063964844,
        "lte_rsrp": null,
        "lte_rssi": null,
        "lte_sinr": null,
        "starlink_latency": null,
        "starlink_snr": null,
        "quality": "unknown"
      }
    },
    {
      "type": "Feature",
      "geometry": {
        "type": "Point",
        "coordinates": [
          127.21281117301687,
          34.62262235789052
        ]
      },
      "properties": {
        "timestamp": "1970-01-01 00:23:18.549021+00:00",
        "altitude": 166.9801025390625,
        "lte_rsrp": null,
        "lte_rssi": null,
        "lte_sinr": null,
        "starlink_latency": null,
        "starlink_snr": null,
        "quality": "unknown"
      }
    },
    {
      "type": "Feature",
      "geometry": {
        "type": "Point",
        "coordinates": [
          127.21281746435406,
          34.622657761976
        ]
      },
      "properties": {
        "timestamp": "1970-01-01 00:23:18.749168+00:00",
        "altitude": 167.2888946533203,
        "lte_rsrp": null,
        "lte_rssi": null,
        "lte_sinr": null,
        "starlink_latency": null,
        "starlink_snr": null,
        "quality": "unknown"
      }
    },
    {
      "type": "Feature",
      "geometry": {
        "type": "Point",
        "coordinates": [
          127.21282388993735,
          34.622693239611586
        ]
      },
      "properties": {
        "timestamp": "1970-01-01 00:23:18.949439+00:00",
        "altitude": 167.59521484375,
        "lte_rsrp": null,
        "lte_rssi": null,
        "lte_sinr": null,
        "starlink_latency": null,
        "starlink_snr": null,
        "quality": "unknown"
      }
    },
    {
      "type": "Feature",
      "geometry": {
        "type": "Point",
        "coordinates": [
          127.21283054715568,
          34.62272890057592
        ]
      },
      "properties": {
        "timestamp": "1970-01-01 00:23:19.152088+00:00",
        "altitude": 167.89492797851562,
        "lte_rsrp": null,
        "lte_rssi": null,
        "lte_sinr": null,
        "starlink_latency": null,
        "starlink_snr": null,
        "quality": "unknown"
      }
    },
    {
      "type": "Feature",
      "geometry": {
        "type": "Point",
        "coordinates": [
          127.21283733878586,
          34.622764581297886
        ]
      },
      "properties": {
        "timestamp": "1970-01-01 00:23:19.352272+00:00",
        "altitude": 168.1642608642578,
        "lte_rsrp": null,
        "lte_rssi": null,
        "lte_sinr": null,
        "starlink_latency": null,
        "starlink_snr": null,
        "quality": "unknown"
      }
    },
    {
      "type": "Feature",
      "geometry": {
        "type": "Point",
        "coordinates": [
          127.21284413891404,
          34.622799810821576
        ]
      },
      "properties": {
        "timestamp": "1970-01-01 00:23:19.552443+00:00",
        "altitude": 168.4179229736328,
        "lte_rsrp": null,
        "lte_rssi": null,
        "lte_sinr": null,
        "starlink_latency": null,
        "starlink_snr": null,
        "quality": "unknown"
      }
    },
    {
      "type": "Feature",
      "geometry": {
        "type": "Point",
        "coordinates": [
          127.21285109630219,
          34.62283514353558
        ]
      },
      "properties": {
        "timestamp": "1970-01-01 00:23:19.752609+00:00",
        "altitude": 168.68739318847656,
        "lte_rsrp": null,
        "lte_rssi": null,
        "lte_sinr": null,
        "starlink_latency": null,
        "starlink_snr": null,
        "quality": "unknown"
      }
    },
    {
      "type": "Feature",
      "geometry": {
        "type": "Point",
        "coordinates": [
          127.21285823012896,
          34.62287062884074
        ]
      },
      "properties": {
        "timestamp": "1970-01-01 00:23:19.952808+00:00",
        "altitude": 168.92575073242188,
        "lte_rsrp": null,
        "lte_rssi": null,
        "lte_sinr": null,
        "starlink_latency": null,
        "starlink_snr": null,
        "quality": "unknown"
      }
    },
    {
      "type": "Feature",
      "geometry": {
        "type": "Point",
        "coordinates": [
          127.21286547869356,
          34.62290622721721
        ]
      },
      "properties": {
        "timestamp": "1970-01-01 00:23:20.152979+00:00",
        "altitude": 169.16607666015625,
        "lte_rsrp": null,
        "lte_rssi": null,
        "lte_sinr": null,
        "starlink_latency": null,
        "starlink_snr": null,
        "quality": "unknown"
      }
    },
    {
      "type": "Feature",
      "geometry": {
        "type": "Point",
        "coordinates": [
          127.21287271025825,
          34.62294193537403
        ]
      },
      "properties": {
        "timestamp": "1970-01-01 00:23:20.353115+00:00",
        "altitude": 169.41737365722656,
        "lte_rsrp": null,
        "lte_rssi": null,
        "lte_sinr": null,
        "starlink_latency": null,
        "starlink_snr": null,
        "quality": "unknown"
      }
    },
    {
      "type": "Feature",
      "geometry": {
        "type": "Point",
        "coordinates": [
          127.21287995483601,
          34.622977636943354
        ]
      },
      "properties": {
        "timestamp": "1970-01-01 00:23:20.553306+00:00",
        "altitude": 169.6137237548828,
        "lte_rsrp": null,
        "lte_rssi": null,
        "lte_sinr": null,
        "starlink_latency": null,
        "starlink_snr": null,
        "quality": "unknown"
      }
    },
    {
      "type": "Feature",
      "geometry": {
        "type": "Point",
        "coordinates": [
          127.21288733399467,
          34.623013406573584
        ]
      },
      "properties": {
        "timestamp": "1970-01-01 00:23:20.753488+00:00",
        "altitude": 169.79237365722656,
        "lte_rsrp": null,
        "lte_rssi": null,
        "lte_sinr": null,
        "starlink_latency": null,
        "starlink_snr": null,
        "quality": "unknown"
      }
    },
    {
      "type": "Feature",
      "geometry": {
        "type": "Point",
        "coordinates": [
          127.21289475252122,
          34.623049419915255
        ]
      },
      "properties": {
        "timestamp": "1970-01-01 00:23:20.953651+00:00",
        "altitude": 169.97015380859375,
        "lte_rsrp": null,
        "lte_rssi": null,
        "lte_sinr": null,
        "starlink_latency": null,
        "starlink_snr": null,
        "quality": "unknown"
      }
    },
    {
      "type": "Feature",
      "geometry": {
        "type": "Point",
        "coordinates": [
          127.2129021653907,
          34.623085653915325
        ]
      },
      "properties": {
        "timestamp": "1970-01-01 00:23:21.153828+00:00",
        "altitude": 170.13632202148438,
        "lte_rsrp": null,
        "lte_rssi": null,
        "lte_sinr": null,
        "starlink_latency": null,
        "starlink_snr": null,
        "quality": "unknown"
      }
    },
    {
      "type": "Feature",
      "geometry": {
        "type": "Point",
        "coordinates": [
          127.21290960862255,
          34.62312210308409
        ]
      },
      "properties": {
        "timestamp": "1970-01-01 00:23:21.353980+00:00",
        "altitude": 170.33297729492188,
        "lte_rsrp": null,
        "lte_rssi": null,
        "lte_sinr": null,
        "starlink_latency": null,
        "starlink_snr": null,
        "quality": "unknown"
      }
    },
    {
      "type": "Feature",
      "geometry": {
        "type": "Point",
        "coordinates": [
          127.21291700099658,
          34.62315843149487
        ]
      },
      "properties": {
        "timestamp": "1970-01-01 00:23:21.554175+00:00",
        "altitude": 170.51368713378906,
        "lte_rsrp": null,
        "lte_rssi": null,
        "lte_sinr": null,
        "starlink_latency": null,
        "starlink_snr": null,
        "quality": "unknown"
      }
    },
    {
      "type": "Feature",
      "geometry": {
        "type": "Point",
        "coordinates": [
          127.21292441022571,
          34.6231949761724
        ]
      },
      "properties": {
        "timestamp": "1970-01-01 00:23:21.754302+00:00",
        "altitude": 170.6815643310547,
        "lte_rsrp": null,
        "lte_rssi": null,
        "lte_sinr": null,
        "starlink_latency": null,
        "starlink_snr": null,
        "quality": "unknown"
      }
    },
    {
      "type": "Feature",
      "geometry": {
        "type": "Point",
        "coordinates": [
          127.21293168972973,
          34.623231712967815
        ]
      },
      "properties": {
        "timestamp": "1970-01-01 00:23:21.954544+00:00",
        "altitude": 170.88926696777344,
        "lte_rsrp": null,
        "lte_rssi": null,
        "lte_sinr": null,
        "starlink_latency": null,
        "starlink_snr": null,
        "quality": "unknown"
      }
    },
    {
      "type": "Feature",
      "geometry": {
        "type": "Point",
        "coordinates": [
          127.21293884201401,
          34.623268787889124
        ]
      },
      "properties": {
        "timestamp": "1970-01-01 00:23:22.154748+00:00",
        "altitude": 171.0760498046875,
        "lte_rsrp": null,
        "lte_rssi": null,
        "lte_sinr": null,
        "starlink_latency": null,
        "starlink_snr": null,
        "quality": "unknown"
      }
    },
    {
      "type": "Feature",
      "geometry": {
        "type": "Point",
        "coordinates": [
          127.21294566979964,
          34.62330603407387
        ]
      },
      "properties": {
        "timestamp": "1970-01-01 00:23:22.354891+00:00",
        "altitude": 171.24388122558594,
        "lte_rsrp": null,
        "lte_rssi": null,
        "lte_sinr": null,
        "starlink_latency": null,
        "starlink_snr": null,
        "quality": "unknown"
      }
    },
    {
      "type": "Feature",
      "geometry": {
        "type": "Point",
        "coordinates": [
          127.21295205868553,
          34.62334327807121
        ]
      },
      "properties": {
        "timestamp": "1970-01-01 00:23:22.555085+00:00",
        "altitude": 171.44642639160156,
        "lte_rsrp": null,
        "lte_rssi": null,
        "lte_sinr": null,
        "starlink_latency": null,
        "starlink_snr": null,
        "quality": "unknown"
      }
    },
    {
      "type": "Feature",
      "geometry": {
        "type": "Point",
        "coordinates": [
          127.21295808437982,
          34.62338054512924
        ]
      },
      "properties": {
        "timestamp": "1970-01-01 00:23:22.755236+00:00",
        "altitude": 171.6487274169922,
        "lte_rsrp": null,
        "lte_rssi": null,
        "lte_sinr": null,
        "starlink_latency": null,
        "starlink_snr": null,
        "quality": "unknown"
      }
    },
    {
      "type": "Feature",
      "geometry": {
        "type": "Point",
        "coordinates": [
          127.21296369385512,
          34.62341790660634
        ]
      },
      "properties": {
        "timestamp": "1970-01-01 00:23:22.955392+00:00",
        "altitude": 171.88421630859375,
        "lte_rsrp": null,
        "lte_rssi": null,
        "lte_sinr": null,
        "starlink_latency": null,
        "starlink_snr": null,
        "quality": "unknown"
      }
    },
    {
      "type": "Feature",
      "geometry": {
        "type": "Point",
        "coordinates": [
          127.21296891128938,
          34.62345531529652
        ]
      },
      "properties": {
        "timestamp": "1970-01-01 00:23:23.155581+00:00",
        "altitude": 172.14401245117188,
        "lte_rsrp": null,
        "lte_rssi": null,
        "lte_sinr": null,
        "starlink_latency": null,
        "starlink_snr": null,
        "quality": "unknown"
      }
    },
    {
      "type": "Feature",
      "geometry": {
        "type": "Point",
        "coordinates": [
          127.21297374468584,
          34.623492749243546
        ]
      },
      "properties": {
        "timestamp": "1970-01-01 00:23:23.355713+00:00",
        "altitude": 172.42404174804688,
        "lte_rsrp": null,
        "lte_rssi": null,
        "lte_sinr": null,
        "starlink_latency": null,
        "starlink_snr": null,
        "quality": "unknown"
      }
    },
    {
      "type": "Feature",
      "geometry": {
        "type": "Point",
        "coordinates": [
          127.21297812850153,
          34.62352998230102
        ]
      },
      "properties": {
        "timestamp": "1970-01-01 00:23:23.555856+00:00",
        "altitude": 172.72088623046875,
        "lte_rsrp": null,
        "lte_rssi": null,
        "lte_sinr": null,
        "starlink_latency": null,
        "starlink_snr": null,
        "quality": "unknown"
      }
    },
    {
      "type": "Feature",
      "geometry": {
        "type": "Point",
        "coordinates": [
          127.21298235739998,
          34.623567113265565
        ]
      },
      "properties": {
        "timestamp": "1970-01-01 00:23:23.756045+00:00",
        "altitude": 173.00588989257812,
        "lte_rsrp": null,
        "lte_rssi": null,
        "lte_sinr": null,
        "starlink_latency": null,
        "starlink_snr": null,
        "quality": "unknown"
      }
    },
    {
      "type": "Feature",
      "geometry": {
        "type": "Point",
        "coordinates": [
          127.21298652060075,
          34.623604283752236
        ]
      },
      "properties": {
        "timestamp": "1970-01-01 00:23:23.956251+00:00",
        "altitude": 173.2955780029297,
        "lte_rsrp": null,
        "lte_rssi": null,
        "lte_sinr": null,
        "starlink_latency": null,
        "starlink_snr": null,
        "quality": "unknown"
      }
    },
    {
      "type": "Feature",
      "geometry": {
        "type": "Point",
        "coordinates": [
          127.21299052216473,
          34.62363968567862
        ]
      },
      "properties": {
        "timestamp": "1970-01-01 00:23:24.148905+00:00",
        "altitude": 173.5849609375,
        "lte_rsrp": null,
        "lte_rssi": null,
        "lte_sinr": null,
        "starlink_latency": null,
        "starlink_snr": null,
        "quality": "unknown"
      }
    },
    {
      "type": "Feature",
      "geometry": {
        "type": "Point",
        "coordinates": [
          127.21299481427938,
          34.62367694179121
        ]
      },
      "properties": {
        "timestamp": "1970-01-01 00:23:24.349069+00:00",
        "altitude": 173.87747192382812,
        "lte_rsrp": null,
        "lte_rssi": null,
        "lte_sinr": null,
        "starlink_latency": null,
        "starlink_snr": null,
        "quality": "unknown"
      }
    },
    {
      "type": "Feature",
      "geometry": {
        "type": "Point",
        "coordinates": [
          127.21299932084668,
          34.62371411885744
        ]
      },
      "properties": {
        "timestamp": "1970-01-01 00:23:24.549242+00:00",
        "altitude": 174.1710968017578,
        "lte_rsrp": null,
        "lte_rssi": null,
        "lte_sinr": null,
        "starlink_latency": null,
        "starlink_snr": null,
        "quality": "unknown"
      }
    },
    {
      "type": "Feature",
      "geometry": {
        "type": "Point",
        "coordinates": [
          127.2130041939547,
          34.623751359588866
        ]
      },
      "properties": {
        "timestamp": "1970-01-01 00:23:24.749446+00:00",
        "altitude": 174.4715576171875,
        "lte_rsrp": null,
        "lte_rssi": null,
        "lte_sinr": null,
        "starlink_latency": null,
        "starlink_snr": null,
        "quality": "unknown"
      }
    },
    {
      "type": "Feature",
      "geometry": {
        "type": "Point",
        "coordinates": [
          127.21300954500434,
          34.623788858294624
        ]
      },
      "properties": {
        "timestamp": "1970-01-01 00:23:24.949611+00:00",
        "altitude": 174.80459594726562,
        "lte_rsrp": null,
        "lte_rssi": null,
        "lte_sinr": null,
        "starlink_latency": null,
        "starlink_snr": null,
        "quality": "unknown"
      }
    },
    {
      "type": "Feature",
      "geometry": {
        "type": "Point",
        "coordinates": [
          127.21301551223756,
          34.62382656337506
        ]
      },
      "properties": {
        "timestamp": "1970-01-01 00:23:25.149773+00:00",
        "altitude": 175.13705444335938,
        "lte_rsrp": null,
        "lte_rssi": null,
        "lte_sinr": null,
        "starlink_latency": null,
        "starlink_snr": null,
        "quality": "unknown"
      }
    },
    {
      "type": "Feature",
      "geometry": {
        "type": "Point",
        "coordinates": [
          127.21302211049674,
          34.6238644748298
        ]
      },
      "properties": {
        "timestamp": "1970-01-01 00:23:25.349943+00:00",
        "altitude": 175.47459411621094,
        "lte_rsrp": null,
        "lte_rssi": null,
        "lte_sinr": null,
        "starlink_latency": null,
        "starlink_snr": null,
        "quality": "unknown"
      }
    },
    {
      "type": "Feature",
      "geometry": {
        "type": "Point",
        "coordinates": [
          127.21302923838249,
          34.62390222270061
        ]
      },
      "properties": {
        "timestamp": "1970-01-01 00:23:25.550115+00:00",
        "altitude": 175.8334503173828,
        "lte_rsrp": null,
        "lte_rssi": null,
        "lte_sinr": null,
        "starlink_latency": null,
        "starlink_snr": null,
        "quality": "unknown"
      }
    },
    {
      "type": "Feature",
      "geometry": {
        "type": "Point",
        "coordinates": [
          127.21303694141807,
          34.62393972135768
        ]
      },
      "properties": {
        "timestamp": "1970-01-01 00:23:25.750305+00:00",
        "altitude": 176.19577026367188,
        "lte_rsrp": null,
        "lte_rssi": null,
        "lte_sinr": null,
        "starlink_latency": null,
        "starlink_snr": null,
        "quality": "unknown"
      }
    },
    {
      "type": "Feature",
      "geometry": {
        "type": "Point",
        "coordinates": [
          127.21304516274235,
          34.62397706631109
        ]
      },
      "properties": {
        "timestamp": "1970-01-01 00:23:25.950504+00:00",
        "altitude": 176.54685974121094,
        "lte_rsrp": null,
        "lte_rssi": null,
        "lte_sinr": null,
        "starlink_latency": null,
        "starlink_snr": null,
        "quality": "unknown"
      }
    },
    {
      "type": "Feature",
      "geometry": {
        "type": "Point",
        "coordinates": [
          127.21305381364363,
          34.624014370636424
        ]
      },
      "properties": {
        "timestamp": "1970-01-01 00:23:26.150664+00:00",
        "altitude": 176.9171142578125,
        "lte_rsrp": null,
        "lte_rssi": null,
        "lte_sinr": null,
        "starlink_latency": null,
        "starlink_snr": null,
        "quality": "unknown"
      }
    },
    {
      "type": "Feature",
      "geometry": {
        "type": "Point",
        "coordinates": [
          127.21306284559677,
          34.62405167165994
        ]
      },
      "properties": {
        "timestamp": "1970-01-01 00:23:26.350763+00:00",
        "altitude": 177.3139190673828,
        "lte_rsrp": null,
        "lte_rssi": null,
        "lte_sinr": null,
        "starlink_latency": null,
        "starlink_snr": null,
        "quality": "unknown"
      }
    },
    {
      "type": "Feature",
      "geometry": {
        "type": "Point",
        "coordinates": [
          127.21307209800572,
          34.624088717987576
        ]
      },
      "properties": {
        "timestamp": "1970-01-01 00:23:26.550998+00:00",
        "altitude": 177.70111083984375,
        "lte_rsrp": null,
        "lte_rssi": null,
        "lte_sinr": null,
        "starlink_latency": null,
        "starlink_snr": null,
        "quality": "unknown"
      }
    },
    {
      "type": "Feature",
      "geometry": {
        "type": "Point",
        "coordinates": [
          127.21308138543104,
          34.624125392158
        ]
      },
      "properties": {
        "timestamp": "1970-01-01 00:23:26.751166+00:00",
        "altitude": 178.10464477539062,
        "lte_rsrp": null,
        "lte_rssi": null,
        "lte_sinr": null,
        "starlink_latency": null,
        "starlink_snr": null,
        "quality": "unknown"
      }
    },
    {
      "type": "Feature",
      "geometry": {
        "type": "Point",
        "coordinates": [
          127.21309053678785,
          34.62416202680956
        ]
      },
      "properties": {
        "timestamp": "1970-01-01 00:23:26.951362+00:00",
        "altitude": 178.5285186767578,
        "lte_rsrp": null,
        "lte_rssi": null,
        "lte_sinr": null,
        "starlink_latency": null,
        "starlink_snr": null,
        "quality": "unknown"
      }
    },
    {
      "type": "Feature",
      "geometry": {
        "type": "Point",
        "coordinates": [
          127.21309972184301,
          34.62419882064143
        ]
      },
      "properties": {
        "timestamp": "1970-01-01 00:23:27.151509+00:00",
        "altitude": 178.91360473632812,
        "lte_rsrp": null,
        "lte_rssi": null,
        "lte_sinr": null,
        "starlink_latency": null,
        "starlink_snr": null,
        "quality": "unknown"
      }
    },
    {
      "type": "Feature",
      "geometry": {
        "type": "Point",
        "coordinates": [
          127.21310900079656,
          34.62423577035891
        ]
      },
      "properties": {
        "timestamp": "1970-01-01 00:23:27.351750+00:00",
        "altitude": 179.27352905273438,
        "lte_rsrp": null,
        "lte_rssi": null,
        "lte_sinr": null,
        "starlink_latency": null,
        "starlink_snr": null,
        "quality": "unknown"
      }
    },
    {
      "type": "Feature",
      "geometry": {
        "type": "Point",
        "coordinates": [
          127.21311818653803,
          34.62427265860058
        ]
      },
      "properties": {
        "timestamp": "1970-01-01 00:23:27.551913+00:00",
        "altitude": 179.6178436279297,
        "lte_rsrp": null,
        "lte_rssi": null,
        "lte_sinr": null,
        "starlink_latency": null,
        "starlink_snr": null,
        "quality": "unknown"
      }
    },
    {
      "type": "Feature",
      "geometry": {
        "type": "Point",
        "coordinates": [
          127.213127166006,
          34.624309540259055
        ]
      },
      "properties": {
        "timestamp": "1970-01-01 00:23:27.752044+00:00",
        "altitude": 179.93882751464844,
        "lte_rsrp": null,
        "lte_rssi": null,
        "lte_sinr": null,
        "starlink_latency": null,
        "starlink_snr": null,
        "quality": "unknown"
      }
    },
    {
      "type": "Feature",
      "geometry": {
        "type": "Point",
        "coordinates": [
          127.2131358566607,
          34.624346623919024
        ]
      },
      "properties": {
        "timestamp": "1970-01-01 00:23:27.952192+00:00",
        "altitude": 180.26083374023438,
        "lte_rsrp": null,
        "lte_rssi": null,
        "lte_sinr": null,
        "starlink_latency": null,
        "starlink_snr": null,
        "quality": "unknown"
      }
    },
    {
      "type": "Feature",
      "geometry": {
        "type": "Point",
        "coordinates": [
          127.21314415777596,
          34.62438381078024
        ]
      },
      "properties": {
        "timestamp": "1970-01-01 00:23:28.152359+00:00",
        "altitude": 180.61923217773438,
        "lte_rsrp": null,
        "lte_rssi": null,
        "lte_sinr": null,
        "starlink_latency": null,
        "starlink_snr": null,
        "quality": "unknown"
      }
    },
    {
      "type": "Feature",
      "geometry": {
        "type": "Point",
        "coordinates": [
          127.21315201331716,
          34.62442100862838
        ]
      },
      "properties": {
        "timestamp": "1970-01-01 00:23:28.352591+00:00",
        "altitude": 180.953125,
        "lte_rsrp": null,
        "lte_rssi": null,
        "lte_sinr": null,
        "starlink_latency": null,
        "starlink_snr": null,
        "quality": "unknown"
      }
    },
    {
      "type": "Feature",
      "geometry": {
        "type": "Point",
        "coordinates": [
          127.21315929353514,
          34.624457917765604
        ]
      },
      "properties": {
        "timestamp": "1970-01-01 00:23:28.552751+00:00",
        "altitude": 181.2870330810547,
        "lte_rsrp": null,
        "lte_rssi": null,
        "lte_sinr": null,
        "starlink_latency": null,
        "starlink_snr": null,
        "quality": "unknown"
      }
    },
    {
      "type": "Feature",
      "geometry": {
        "type": "Point",
        "coordinates": [
          127.2131658671821,
          34.624494314242654
        ]
      },
      "properties": {
        "timestamp": "1970-01-01 00:23:28.752890+00:00",
        "altitude": 181.61839294433594,
        "lte_rsrp": null,
        "lte_rssi": null,
        "lte_sinr": null,
        "starlink_latency": null,
        "starlink_snr": null,
        "quality": "unknown"
      }
    },
    {
      "type": "Feature",
      "geometry": {
        "type": "Point",
        "coordinates": [
          127.2131720357759,
          34.624530738173114
        ]
      },
      "properties": {
        "timestamp": "1970-01-01 00:23:28.953110+00:00",
        "altitude": 181.94969177246094,
        "lte_rsrp": null,
        "lte_rssi": null,
        "lte_sinr": null,
        "starlink_latency": null,
        "starlink_snr": null,
        "quality": "unknown"
      }
    },
    {
      "type": "Feature",
      "geometry": {
        "type": "Point",
        "coordinates": [
          127.21317785367577,
          34.624567064406136
        ]
      },
      "properties": {
        "timestamp": "1970-01-01 00:23:29.155750+00:00",
        "altitude": 182.32882690429688,
        "lte_rsrp": null,
        "lte_rssi": null,
        "lte_sinr": null,
        "starlink_latency": null,
        "starlink_snr": null,
        "quality": "unknown"
      }
    },
    {
      "type": "Feature",
      "geometry": {
        "type": "Point",
        "coordinates": [
          127.21318335689838,
          34.62460319633421
        ]
      },
      "properties": {
        "timestamp": "1970-01-01 00:23:29.355913+00:00",
        "altitude": 182.737548828125,
        "lte_rsrp": null,
        "lte_rssi": null,
        "lte_sinr": null,
        "starlink_latency": null,
        "starlink_snr": null,
        "quality": "unknown"
      }
    },
    {
      "type": "Feature",
      "geometry": {
        "type": "Point",
        "coordinates": [
          127.21318828974391,
          34.6246373653995
        ]
      },
      "properties": {
        "timestamp": "1970-01-01 00:23:29.548744+00:00",
        "altitude": 183.13417053222656,
        "lte_rsrp": null,
        "lte_rssi": null,
        "lte_sinr": null,
        "starlink_latency": null,
        "starlink_snr": null,
        "quality": "unknown"
      }
    }
  ]
}